stock_code,description,units_cancelled,cancelled_value
10133,COLOURING PENCILS BROWN TUBE,10,4.2
10135,COLOURING PENCILS BROWN TUBE,1,1.25
11001,ASSTD DESIGN RACING CAR PEN,185,237.04999999999998
15034,PAPER POCKET TRAVELING FAN,1385,108.29000000000002
15036,ASSORTED COLOURS SILK FAN,744,505.68
15039,SANDALWOOD FAN,26,22.1
15044A,PINK PAPER PARASOL,1,2.95
15044B,BLUE PAPER PARASOL,1,2.95
15044C,PURPLE PAPER PARASOL,3,8.05
15044D,RED PAPER PARASOL,2,5.5
15056BL,EDWARDIAN PARASOL BLACK,130,652.5
15056N,EDWARDIAN PARASOL NATURAL,57,337.45
15056P,EDWARDIAN PARASOL PINK,10,58.2
15058A,BLUE POLKADOT GARDEN PARASOL,5,37.35
15058B,PINK POLKADOT GARDEN PARASOL,5,37.35
15060B,FAIRY CAKE DESIGN UMBRELLA,1,3.75
16054,POPART RECT PENCIL SHARPENER ASST,108,12.959999999999999
16161P,WRAP ENGLISH ROSE,25,10.5
16161U,WRAP SUKI AND FRIENDS,25,10.5
16169E,WRAP 50'S  CHRISTMAS,125,52.5
16202E,BLACK PHOTO ALBUM,1,5.55
16219,HOUSE SHAPE PENCIL SHARPENER,48,2.88
16235,RECYCLED PENCIL WITH RABBIT ERASER,1,0.21
16237,SLEEPING CAT ERASERS,60,12.6
16258A,SWIRLY CIRCULAR RUBBERS IN BAG,1,0.42
16259,PIECE OF CAMO STATIONERY SET,108,8.64
17003,BROCADE RING PURSE,3,172.8
17129F,BLUE GLASS GEMS IN BAG,2,1.7
18097C,WHITE TALL PORCELAIN T-LIGHT HOLDER,292,571.8000000000001
20658,RED RETROSPOT LUGGAGE TAG,12,15
20674,GREEN POLKADOT BOWL,6,7.5
20675,BLUE POLKADOT BOWL,12,15
20676,RED RETROSPOT BOWL,22,27.5
20677,PINK POLKADOT BOWL,5,6.25
20679,EDWARDIAN PARASOL RED,9,53.550000000000004
20681,PINK POLKADOT CHILDRENS UMBRELLA,2,6.5
20682,RED RETROSPOT CHILDRENS UMBRELLA,20,65
20685,DOORMAT RED RETROSPOT,66,461.22
20703,BLUE PADDED SOFT MOBILE,7,29.75
20704,MR ROBOT SOFT TOY,4,27.8
20705,MRS ROBOT SOFT TOY,1,1.95
20707,CRAZY DAISY HEART DECORATION,1,1.25
20711,JUMBO BAG TOYS,22,40.31
20712,JUMBO BAG WOODLAND ANIMALS,240,426.46
20713,JUMBO BAG OWLS,243,431.43
20717,STRAWBERRY SHOPPER BAG,22,27.5
20718,RED RETROSPOT SHOPPER BAG,35,42.99
20719,WOODLAND CHARLOTTE BAG,112,87.39999999999999
20723,STRAWBERRY CHARLOTTE BAG,75,62.71
20724,RED RETROSPOT CHARLOTTE BAG,223,170.31
20725,LUNCH BAG RED RETROSPOT,574,854.7
20726,LUNCH BAG WOODLAND,82,134.9
20727,LUNCH BAG  BLACK SKULL.,128,202.2
20728,LUNCH BAG CARS BLUE,214,327.5
20733,GOLD MINI TAPE MEASURE,300,216
20749,ASSORTED COLOUR MINI CASES,8,63.6
20750,RED RETROSPOT MINI CASES,6,47.7
20751,FUNKY WASHING UP GLOVES ASSORTED,1,2.1
20752,BLUE POLKADOT WASHING UP GLOVES,2,4.2
20754,RETROSPOT RED WASHING UP GLOVES,1,2.1
20772,GARDEN PATH JOURNAL,1,2.55
20781,GOLD EAR MUFF HEADPHONES,1,5.49
20793,BLUE TILED TRAY,5,33.75
20794,BLUE  TILE HOOK,9,22.95
20795,LARGE BLUE PROVENCAL CERAMIC BALL,6,12.6
20798,CLEAR MILKSHAKE GLASS,4,6.6
20801,LARGE PINK GLASS SUNDAE DISH,32,24
20802,SMALL GLASS SUNDAE DISH CLEAR,39,20.07
20803,SMALL PINK GLASS SUNDAE DISH,68,28.56
20821,GOLDIE LOOKING MIRROR,12,59.400000000000006
20829,GLITTER HANGING BUTTERFLY STRING,120,205.26
20830,SILVER PHOTO FRAME,1,2.1
20832,RED FLOCK LOVE HEART PHOTO FRAME,1,0.85
20836,FRENCH PAISLEY CUSHION COVER,12,9.959999999999999
20838,FRENCH LATTICE CUSHION COVER,12,10.2
20840,FRENCH FLORAL CUSHION COVER,12,10.2
20854,BLUE PATCH PURSE PINK HEART,14,23.099999999999998
20856,DENIM PATCH PURSE PINK BUTTERFLY,10,16.5
20857,BLUE ROSE PATCH PURSE PINK BUTTERFL,15,24.75
20866,BLUE ROSE FABRIC MIRROR,120,127.2
20886,BOX OF 9 PEBBLE CANDLES,6,11.7
20893,HANGING BAUBLE T-LIGHT HOLDER SMALL,36,75.60000000000001
20897,VINTAGE NOTEBOOK PARIS DAYS,12,35.400000000000006
20898,VINTAGE NOTEBOOK TRAVELOGUE,6,17.700000000000003
20901,VINTAGE KEEPSAKE BOX PINK FLOWER,2,12.7
20914,SET/5 RED RETROSPOT LID GLASS BOWLS,107,300.85
20931,BLUE POT PLANT CANDLE,15,45.050000000000004
20932,PINK POT PLANT CANDLE,10,29.5
20934,SET/3 POT PLANT CANDLES,14,75.3
20936,FORKED CACTUS CANDLE,1,2.95
20941,FROG CANDLE,2,2.5
20956,PORCELAIN T-LIGHT HOLDERS ASSORTED,5,6.25
20957,PORCELAIN HANGING BELL SMALL,1,1.45
20961,STRAWBERRY BATH SPONGE,50,62.5
20969,RED FLORAL FELTCRAFT SHOULDER BAG,145,491.91
20970,PINK FLORAL FELTCRAFT SHOULDER BAG,3,11.25
20971,PINK BLUE FELT CRAFT TRINKET BOX,1321,1405.01
20972,PINK CREAM FELT CRAFT TRINKET BOX,24,30
20973,12 PENCIL SMALL TUBE WOODLAND,4,2.6
20974,12 PENCILS SMALL TUBE SKULL,566,367.9
20975,12 PENCILS SMALL TUBE RED RETROSPOT,120,78
20977,36 PENCILS TUBE WOODLAND,75,93.75
20978,36 PENCILS TUBE SKULLS,16,20
20979,36 PENCILS TUBE RED RETROSPOT,160,200
20980,36 PENCILS TUBE POSY,9,11.25
20981,12 PENCILS TALL TUBE WOODLAND,19,16.15
20982,12 PENCILS TALL TUBE SKULLS,4,3.4
20983,12 PENCILS TALL TUBE RED RETROSPOT,7,5.95
20984,12 PENCILS TALL TUBE POSY,24,6.959999999999999
20985,HEART CALCULATOR,16,19.43
21012,ANTIQUE ALL GLASS CANDLESTICK,3,6.300000000000001
21015,DARK BIRD HOUSE TREE DECORATION,4,1.16
21033,JUMBO BAG CHARLIE AND LOLA TOYS,1,1.79
21034,REX CASH+CARRY JUMBO SHOPPER,21,19.95
21035,SET/2 RED RETROSPOT TEA TOWELS,200,550
21038,SET/4 MODERN VINTAGE COTTON NAPKINS,2,5.9
21039,RED RETROSPOT SHOPPING BAG,12,30.599999999999998
21041,RED RETROSPOT OVEN GLOVE DOUBLE,3,8.850000000000001
21042,RED RETROSPOT APRON,6,34.4
21055,TOOL BOX SOFT TOY,6,53.699999999999996
21056,DOCTOR'S BAG SOFT TOY,2,17.9
21058,PARTY INVITES WOODLAND,12,10.2
21059,PARTY INVITES DINOSAURS,12,10.2
21066,VINTAGE RED MUG,12,15
21067,VINTAGE RED TEATIME MUG,27,29.380000000000003
21068,VINTAGE BILLBOARD LOVE/HATE MUG,42,45.660000000000004
21069,VINTAGE BILLBOARD TEA MUG,701,743.0600000000001
21071,VINTAGE BILLBOARD DRINK ME MUG,6,6.36
21080,SET/20 RED RETROSPOT PAPER NAPKINS,17,14.45
21084,SET/6 COLLAGE PAPER CUPS,24,4.5600000000000005
21088,SET/6 FRUIT SALAD PAPER CUPS,12,2.2800000000000002
21090,SET/6 COLLAGE PAPER PLATES,36,14.04
21098,CHRISTMAS TOILET ROLL,39,41.910000000000004
21108,FAIRY CAKE FLANNEL ASSORTED COLOUR,3150,6591.420000000001
21110,LARGE CAKE TOWEL PINK SPOTS,2,13.5
21114,LAVENDER SCENTED FABRIC HEART,10,12.5
21121,SET/10 RED POLKADOT PARTY CANDLES,72,90
21122,SET/10 PINK POLKADOT PARTY CANDLES,49,61.25
21123,SET/10 IVORY POLKADOT PARTY CANDLES,24,30
21124,SET/10 BLUE POLKADOT PARTY CANDLES,49,61.25
21125,SET 6 FOOTBALL CELEBRATION CANDLES,2,2.5
21129,SILVER FISHING GNOME,2,13.9
21135,VICTORIAN  METAL POSTCARD SPRING,296,128.72
21136,PAINTED METAL PEARS ASSORTED,9,15.209999999999999
21137,BLACK RECORD COVER FRAME,15,55.17
21143,ANTIQUE GLASS HEART DECORATION,2,3.9
21144,PINK POODLE HANGING DECORATION,12,4.5600000000000005
21154,RED RETROSPOT OVEN GLOVE,212,227
21155,RED RETROSPOT PEG BAG,238,510.6
21156,RETROSPOT CHILDRENS APRON,39,76.05
21158,MOODY GIRL DOOR HANGER,24,9.36
21163,DO NOT TOUCH MY STUFF DOOR HANGER,1,1.25
21164,HOME SWEET HOME METAL SIGN,6,17.700000000000003
21165,BEWARE OF THE CAT METAL SIGN,12,20.28
21166,COOK WITH WINE METAL SIGN,87,161.1
21167,WHITE SAGE INCENSE,50,10.5
21169,YOU'RE CONFUSING ME METAL SIGN,18,29.220000000000002
21172,PARTY METAL SIGN,13,18.849999999999998
21175,GIN + TONIC DIET METAL SIGN,2030,3775.33
21179,NO JUNK MAIL METAL SIGN,12,4.68
21181,PLEASE ONE PERSON METAL SIGN,87,169.70000000000002
21190,PINK HEARTS PAPER GARLAND,50,72.5
21194,PINK  HONEYCOMB PAPER FAN,10,6.5
21197,MULTICOLOUR  CONFETTI IN TUBE,21,34.65
21198,WHITE HEART CONFETTI IN TUBE,72,59.75999999999999
21199,PINK  HEART CONFETTI IN TUBE,48,20.16
21201,TROPICAL  HONEYCOMB PAPER GARLAND,1,2.55
21205,MULTICOLOUR 3D BALLS GARLAND,20,51
21206,STRAWBERRY HONEYCOMB  GARLAND,2,3.3
21208,PASTEL COLOUR HONEYCOMB FAN,41,15.989999999999998
21209,MULTICOLOUR HONEYCOMB FAN,19,8.33
21210,SET OF 72 RETROSPOT PAPER  DOILIES,133,173.65
21212,PACK OF 72 RETROSPOT CAKE CASES,380,199.38000000000002
21213,PACK OF 72 SKULL CAKE CASES,48,26.400000000000002
21216,"SET 3 RETROSPOT TEA,COFFEE,SUGAR",16,78.5
21217,RED RETROSPOT ROUND CAKE TINS,9,89.55
21218,RED SPOTTY BISCUIT TIN,49,165.25
21224,SET/4 SKULL BADGES,12,15
21231,SWEETHEART CERAMIC TRINKET BOX,157,188.08
21232,STRAWBERRY CERAMIC TRINKET BOX,362,414.5
21232,STRAWBERRY CERAMIC TRINKET POT,22,27.5
21238,RED RETROSPOT CUP,51,43.22
21239,PINK  POLKADOT CUP,21,17.85
21240,BLUE POLKADOT CUP,36,30.34
21242,RED RETROSPOT PLATE,35,59.15
21243,PINK  POLKADOT PLATE,8,13.52
21244,BLUE POLKADOT PLATE,15,25.349999999999998
21246,RED RETROSPOT BIG BOWL,2,9.9
21248,DOOR HANGER  MUM + DADS ROOM,1,1.45
21257,VICTORIAN SEWING BOX MEDIUM,12,88.4
21258,VICTORIAN SEWING BOX LARGE,61,679.7499999999999
21259,VICTORIAN SEWING BOX SMALL,16,92.2
21260,FIRST AID TIN,43,139.75
21262,WHITE GOOSE FEATHER CHRISTMAS TREE,5,56.75
21263,GREEN GOOSE FEATHER TREE 60CM,2,3.9
21264,WHITE GOOSE FEATHER TREE 60CM,8,15.6
21272,SALLE DE BAIN HOOK,2,2.5
21275,ZINC TOP  2 DOOR WOODEN SHELF,5,76.75
21277,FRENCH STYLE EMBOSSED HEART CABINET,2,43.9
21279,VINTAGE KITCHEN PRINT FRUITS,3,7.6499999999999995
21284,RETROSPOT CANDLE  SMALL,36,30.36
21285,RETROSPOT CANDLE  MEDIUM,24,15.600000000000001
21288,STRIPEY CHOCOLATE NESTING BOXES,24,61.199999999999996
21289,LARGE STRIPES CHOCOLATE GIFT BAG,20,25
21306,SET/4 DAISY MIRROR MAGNETS,19,7.32
21311,SET/4 BIRD MIRROR MAGNETS,27,7.83
21313,GLASS HEART T-LIGHT HOLDER,31,23.62
21314,SMALL GLASS HEART TRINKET POT,139,270.15000000000003
21316,SMALL CHUNKY GLASS ROMAN  BOWL,1,2.95
21317,GLASS SPHERE CANDLE STAND MEDIUM,1,4.95
21318,GLASS CHALICE BLUE SMALL,17,16.709999999999997
21319,GLASS CHALICE GREEN  SMALL,1,1.65
21320,GLASS CHALICE GREEN  LARGE,7,14.700000000000001
21326,AGED GLASS SILVER T-LIGHT HOLDER,21,13.65
21340,CLASSIC METAL BIRDCAGE PLANT HOLDER,28,298.2
21344,MOROCCAN BEATEN METAL DISH,3,29.849999999999998
21349,IVY HEART WREATH,4,27
21351,CINAMMON & ORANGE WREATH,7,47.25
21352,EUCALYPTUS & PINECONE  WREATH,9,60.75
21359,RELAX LARGE WOOD LETTERS,2,7.9
21361,LOVE LARGE WOOD LETTERS,4,51
21363,HOME SMALL WOOD LETTERS,14,69.30000000000001
21364,PEACE SMALL WOOD LETTERS,1,6.75
21373,MIRRORED WALL ART SNOWFLAKES,12,9
21380,WOODEN HAPPY BIRTHDAY GARLAND,1,2.95
21381,MINI WOODEN HAPPY BIRTHDAY GARLAND,25,42.25
21382,SET/4 SPRING FLOWER DECORATION,8,6
21383,PACK OF 12 STICKY BUNNIES,2,1.3
21385,IVORY HANGING DECORATION  HEART,2,1.7
21389,IVORY HANGING DECORATION  BIRD,1,0.85
21390,FILIGRIS HEART WITH BUTTERFLY,3,3.75
21391,FRENCH LAVENDER SCENT HEART,3,6.300000000000001
21394,RED POLKADOT BEAKER,22,8.58
21395,BLUE POLKADOT BEAKER,10,3.9
21399,BLUE POLKADOT COFFEE MUG,111,43.29
21407,BROWN CHECK CAT DOORSTOP,1,4.25
21408,SPOTTY PINK DUCK DOORSTOP,2,8.5
21411,GINGHAM HEART  DOORSTOP RED,6,25.5
21412,VINTAGE GOLD TINSEL REEL,6,2.52
21417,COCKLE SHELL DISH,1,2.1
21422,PORCELAIN ROSE SMALL,4,3.4
21424,WOODLAND STORAGE BOX LARGE,5,14.75
21426,WOODLAND STORAGE BOX SMALL,4,8.4
21427,SKULLS STORAGE BOX SMALL,3,6.300000000000001
21428,SET3 BOOK BOX GREEN GINGHAM FLOWER,35,136.25
21429,RED GINGHAM ROSE JEWELLERY BOX,42,74.1
21430,SET/3 RED GINGHAM ROSE STORAGE BOX,41,144.03
21439,BASKET OF TOADSTOOLS,408,432.48
21445,12 PINK ROSE PEG PLACE SETTINGS,4,5
21447,12 IVORY ROSE PEG PLACE SETTINGS,1,1.25
21452,TOADSTOOL MONEY BOX,28,80.2
21455,PAINTED YELLOW WOODEN DAISY,13,11.049999999999999
21456,2 PICTURE BOOK EGGS EASTER CHICKS,1,1.25
21459,YELLOW EASTER EGG HUNT START POST,8,15.6
21461,BLUE EASTER EGG HUNT START POST,2,3.9
21463,MIRRORED DISCO BALL,42,216.9
21464,DISCO BALL ROTATOR BATTERY OPERATED,9,38.25
21467,CHERRY CROCHET FOOD COVER,2,7.5
21469,POLKA DOT RAFFIA FOOD COVER,2,7.5
21470,FLOWER VINE RAFFIA FOOD COVER,5,18.75
21471,STRAWBERRY RAFFIA FOOD COVER,4,15
21479,WHITE SKULL HOT WATER BOTTLE,185,635.9300000000001
21481,FAWN BLUE HOT WATER BOTTLE,88,239.6
21484,CHICK GREY HOT WATER BOTTLE,48,147.60000000000002
21485,RETROSPOT HEART HOT WATER BOTTLE,20,99
21494,ROTATING LEAVES T-LIGHT HOLDER,2,2.5
21495,SKULLS AND CROSSBONES WRAP,25,10.5
21498,RED RETROSPOT WRAP,50,21
21499,BLUE POLKADOT WRAP,225,82.5
21503,TOYBOX  WRAP,1,0.42
21506,"FANCY FONT BIRTHDAY CARD,",12,5.04
21507,ELEPHANT BIRTHDAY CARD,12,5.04
21507,"ELEPHANT, BIRTHDAY CARD,",12,5.04
21508,VINTAGE KID DOLLY CARD,12,5.04
21519,GIN & TONIC DIET GREETING CARD,36,15.120000000000001
21520,BOOZE & WOMEN GREETING CARD,2,0.84
21523,DOORMAT FANCY FONT HOME SWEET HOME,5,40.05
21524,DOORMAT SPOTTY HOME SWEET HOME,6,48.9
21527,RED RETROSPOT TRADITIONAL TEAPOT,34,260.3
21528,DAIRY MAID TRADITIONAL TEAPOT,14,93.3
21530,DAIRY MAID TOASTRACK,61,48.190000000000005
21531,RED RETROSPOT SUGAR JAM BOWL,15,36.449999999999996
21533,RETROSPOT LARGE MILK JUG,32,147.9
21534,DAIRY MAID LARGE MILK JUG,13,64.35000000000001
21535,RED RETROSPOT SMALL MILK JUG,32,80.69999999999999
21537,RED RETROSPOT PUDDING BOWL,55,208.75
21539,RED RETROSPOT BUTTER DISH,23,108.95
21556,CERAMIC STRAWBERRY MONEY BOX,1,2.55
21558,SKULL LUNCH BOX WITH CUTLERY,4,10.2
21559,STRAWBERRY LUNCH BOX WITH CUTLERY,14,35.25
21561,DINOSAUR LUNCH BOX WITH CUTLERY,2,5.1
21564,PINK  HEART SHAPE LOVE BUCKET,3,8.05
21577,SAVE THE PLANET COTTON TOTE BAG,7,15.75
21578,WOODLAND DESIGN  COTTON TOTE BAG,2,4.5
21579,LOLITA  DESIGN  COTTON TOTE BAG,10,22.5
21581,SKULLS  DESIGN  COTTON TOTE BAG,12,27
21584,RETROSPOT SMALL TUBE MATCHES,1,1.65
21586,KINGS CHOICE GIANT TUBE MATCHES,13,33.15
21588,RETROSPOT GIANT TUBE MATCHES,1,2.55
21591,COSY HOUR CIGAR BOX MATCHES,54,67.5
21621,VINTAGE UNION JACK BUNTING,28,238
21622,VINTAGE UNION JACK CUSHION COVER,18,89.10000000000001
21623,VINTAGE UNION JACK MEMOBOARD,4,39.8
21624,VINTAGE UNION JACK DOORSTOP,5,29.75
21626,VINTAGE UNION JACK PENNANT,22,42.9
21628,TRIANGULAR POUFFE VINTAGE,2,29.9
21630,FLOOR CUSHION ELEPHANT CARNIVAL,1,8.95
21633,SUNFLOWER DECORATIVE PARASOL,1,12.75
21642,ASSORTED TUTTI FRUTTI PEN,118,46.54
21643,ASSORTED TUTTI FRUTTI MIRROR,12,15
21644,ASSORTED TUTTI FRUTTI HEART BOX,25,31.25
21645,ASSORTED TUTTI FRUTTI ROUND BOX,24,39.599999999999994
21647,ASSORTED TUTTI FRUTTI LARGE PURSE,1,2.1
21648,ASSORTED TUTTI FRUTTI SMALL PURSE,1,1.25
21650,ASSORTED TUTTI FRUTTI BRACELET,24,4.5600000000000005
21655,HANGING RIDGE GLASS T-LIGHT HOLDER,36,60.84
21658,GLASS  BEURRE DISH,32,124.58
21667,GLASS CAKE COVER AND PLATE,2,29.9
21668,RED STRIPE CERAMIC DRAWER KNOB,84,102.67
21669,BLUE STRIPE CERAMIC DRAWER KNOB,80,115.00999999999999
21670,BLUE SPOT CERAMIC DRAWER KNOB,69,96.25
21671,RED SPOT CERAMIC DRAWER KNOB,152,214.81
21672,WHITE SPOT RED CERAMIC DRAWER KNOB,59,77.55
21673,WHITE SPOT BLUE CERAMIC DRAWER KNOB,103,143.95
21675,BUTTERFLIES STICKERS,12,10.2
21677,HEARTS  STICKERS,12,10.2
21682,LARGE MEDINA STAMPED METAL BOWL,3,14.850000000000001
21686,MEDINA STAMPED METAL STOOL,1,39.95
21696,SMALL SILVER TRELLIS CANDLEPOT,12,35.400000000000006
21700,BIG DOUGHNUT FRIDGE MAGNETS,36,30.599999999999998
21703,BAG 125g SWIRLY MARBLES,87,36.54
21704,BAG 250g SWIRLY MARBLES,5,3.86
21705,BAG 500g SWIRLY MARBLES,20,31.599999999999998
21708,FOLDING UMBRELLA CREAM POLKADOT,1,4.95
21713,CITRONELLA CANDLE FLOWERPOT,16,32.35
21714,CITRONELLA CANDLE GARDEN POT,20,25
21716,BOYS VINTAGE TIN SEASIDE BUCKET,8,20.4
21718,RED METAL BEACH SPADE,1,1.25
21722,SWEET PUDDING STICKER SHEET,1,0.85
21730,GLASS STAR FROSTED T-LIGHT HOLDER,14,68.60000000000001
21731,RED TOADSTOOL LED NIGHT LIGHT,186,281.29999999999995
21733,RED HANGING HEART T-LIGHT HOLDER,57,152.95
21735,TWO DOOR CURIO CABINET,33,382.95
21736,GOLD SCROLL GLASS T-LIGHT HOLDER,3,1.17
21743,STAR PORTABLE TABLE LIGHT,9,26.55
21745,GAOLERS KEYS DECORATIVE GARDEN,4,15
21746,SMALL RED RETROSPOT WINDMILL,15,18.75
21747,SMALL SKULL WINDMILL,12,15
21749,LARGE RED RETROSPOT WINDMILL,8,16.8
21754,HOME BUILDING BLOCK WORD,20,118.60000000000001
21755,LOVE BUILDING BLOCK WORD,4,23.8
21756,BATH BUILDING BLOCK WORD,2,11.9
21770,OPEN CLOSED METAL SIGN,6,29.700000000000003
21774,DECORATIVE CATS BATHROOM BOTTLE,1,1.25
21775,DECORATIVE FLORE BATHROOM BOTTLE,3,3.75
21777,RECIPE BOX WITH METAL HEART,5,39.75
21781,MA CAMPAGNE CUTLERY BOX,21,283.15
21784,SHOE SHINE BOX,2,19.9
21786,POLKADOT RAIN HAT,22,9.24
21787,RAIN PONCHO RETROSPOT,528,420
21788,KIDS RAIN MAC BLUE,22,18.5
21789,KIDS RAIN MAC PINK,20,17
21790,VINTAGE SNAP CARDS,85,72.25
21791,VINTAGE HEADS AND TAILS CARD GAME,36,45
21792,CLASSIC FRENCH STYLE BASKET GREEN,9,57.95
21794,CLASSIC FRENCH STYLE BASKET NATURAL,3,11.850000000000001
21801,CHRISTMAS TREE DECORATION WITH BELL,36,15.12
21802,CHRISTMAS TREE HEART DECORATION,1,0.42
21810,CHRISTMAS HANGING STAR WITH BELL,59,73.75
21811,HANGING HEART WITH BELL,48,18.72
21812,GARLAND WITH HEARTS AND BELLS,14,69.30000000000001
21813,GARLAND WITH STARS AND BELLS,7,34.650000000000006
21820,GLITTER HEART GARLAND WITH BELLS,30,112.5
21821,GLITTER STAR GARLAND WITH BELLS,12,45
21822,GLITTER CHRISTMAS TREE WITH BELLS,3,4.6899999999999995
21824,PAINTED METAL STAR WITH HOLLY BELLS,24,34.8
21826,EIGHT PIECE DINOSAUR SET,4,5
21829,DINOSAUR KEYRINGS ASSORTED,108,22.68
21830,ASSORTED CREEPY CRAWLIES,48,20.16
21832,CHOCOLATE CALCULATOR,25,41.25
21833,CAMOUFLAGE LED TORCH,30,50.7
21843,RED RETROSPOT CAKE STAND,322,2480.5
21844,RED RETROSPOT MUG,20,58.60000000000001
21845,DAIRY MAID STRIPE MUG,52,75.64
21846,PINK DIAMANTE PEN IN GIFT BOX,12,59.400000000000006
21850,BLUE  DIAMANTE PEN IN GIFT BOX,36,153
21864,UNION JACK FLAG PASSPORT COVER,20,42
21868,POTTING SHED TEA MUG,85,99.41
21870,I CAN ONLY PLEASE ONE PERSON MUG,26,32.5
21871,SAVE THE PLANET MUG,685,740.94
21872,GLAMOROUS  MUG,16,17.72
21873,IF YOU CAN'T STAND THE HEAT MUG,91,100.07000000000001
21874,GIN AND TONIC MUG,22,27.71
21875,KINGS CHOICE MUG,28,35
21876,POTTERING MUG,42,58.9
21877,HOME SWEET HOME MUG,1052,1134.3200000000002
21878,PACK OF 6 SANDCASTLE FLAGS ASSORTED,13,11.049999999999999
21880,RED RETROSPOT TAPE,12,7.800000000000001
21883,STARS GIFT TAPE,1,0.19
21888,BINGO SET,15,56.25
21889,WOODEN BOX OF DOMINOES,26,32.5
21890,S/6 WOODEN SKITTLES IN COTTON BAG,6,18.4
21891,TRADITIONAL WOODEN SKIPPING ROPE,46,59.32
21892,TRADITIONAL WOODEN CATCH CUP GAME,13,16.25
21896,POTTING SHED TWINE,5,9.75
21899,"KEY FOB , GARAGE DESIGN",43,27.950000000000003
21900,"KEY FOB , SHED",5,3.25
21901,"KEY FOB , BACK DOOR",9,5.8500000000000005
21902,"KEY FOB , FRONT  DOOR",9,5.8500000000000005
21903,MAN FLU METAL SIGN,13,27.300000000000004
21906,PHARMACIE FIRST AID TIN,17,114.75
21907,I'M ON HOLIDAY METAL SIGN,13,27.300000000000004
21908,CHOCOLATE THIS WAY METAL SIGN,26,54.60000000000001
21911,GARDEN METAL SIGN,12,19.799999999999997
21913,VINTAGE SEASIDE JIGSAW PUZZLES,3,11.25
21914,BLUE HARMONICA IN BOX,36,45
21915,RED  HARMONICA IN BOX,67,83.75
21916,SET 12 RETRO WHITE CHALK STICKS,24,10.08
21917,SET 12 KIDS  WHITE CHALK STICKS,13,5.46
21918,SET 12 KIDS COLOUR  CHALK STICKS,16,6.72
21925,UNION STRIPE CUSHION COVER,6,7.5
21926,RED/CREAM STRIPE CUSHION COVER,14,17.5
21927,BLUE/CREAM STRIPE CUSHION COVER,39,48.75
21928,JUMBO BAG SCANDINAVIAN BLUE PAISLEY,265,479.58
21928,JUMBO BAG SCANDINAVIAN PAISLEY,3,4.949999999999999
21929,JUMBO BAG PINK VINTAGE PAISLEY,222,387.07
21930,JUMBO STORAGE BAG SKULLS,3,6.24
21931,JUMBO STORAGE BAG SUKI,334,602.33
21932,SCANDINAVIAN PAISLEY PICNIC BAG,33,55.35
21933,PINK VINTAGE PAISLEY PICNIC BAG,13,34.45
21934,SKULL SHOULDER BAG,10,16.5
21935,SUKI  SHOULDER BAG,1,1.65
21936,RED RETROSPOT PICNIC BAG,56,157.10000000000002
21937,STRAWBERRY   PICNIC BAG,16,47.2
21942,SKULLS DESIGN FLANNEL,12,10.2
21972,SET OF 36 DINOSAUR PAPER DOILIES,2,2.9
21973,SET OF 36 MUSHROOM PAPER DOILIES,1,1.45
21974,SET OF 36 PAISLEY FLOWER DOILIES,61,88.44999999999999
21975,PACK OF 60 DINOSAUR CAKE CASES,71,36.06
21976,PACK OF 60 MUSHROOM CAKE CASES,29,15.950000000000001
21977,PACK OF 60 PINK PAISLEY CAKE CASES,101,55.550000000000004
21980,PACK OF 12 RED RETROSPOT TISSUES,132,38.28
21981,PACK OF 12 WOODLAND TISSUES,7,2.73
21982,PACK OF 12 SUKI TISSUES,1,0.39
21983,PACK OF 12 BLUE PAISLEY TISSUES,24,6.959999999999999
21984,PACK OF 12 PINK PAISLEY TISSUES,60,17.4
21987,PACK OF 6 SKULL PAPER CUPS,13,8.450000000000001
21990,MODERN FLORAL STATIONERY SET,12,15
21991,BOHEMIAN COLLAGE STATIONERY SET,12,15
21993,FLORAL FOLK STATIONERY SET,12,15
22023,EMPIRE BIRTHDAY CARD,12,5.04
22024,RAINY LADIES BIRTHDAY CARD,12,5.04
22025,RING OF ROSES BIRTHDAY CARD,12,5.04
22026,BANQUET BIRTHDAY  CARD,12,5.04
22027,TEA PARTY BIRTHDAY CARD,168,61.919999999999995
22028,PENNY FARTHING BIRTHDAY CARD,12,5.04
22029,SPACEBOY BIRTHDAY CARD,12,5.04
22031,BOTANICAL LAVENDER BIRTHDAY CARD,12,5.04
22034,ROBIN CHRISTMAS CARD,12,5.04
22039,BOTANICAL LILY GIFT WRAP,25,10.5
22041,"RECORD FRAME 7"" SINGLE SIZE",38,93.75
22042,CHRISTMAS CARD SINGING ANGEL,12,5.04
22045,SPACEBOY GIFT WRAP,75,31.5
22046,TEA PARTY  WRAPPING PAPER,34,14.28
22047,EMPIRE GIFT WRAP,25,10.5
22048,BIRTHDAY BANQUET GIFT WRAP,25,10.5
22049,WRAP CHRISTMAS SCREEN PRINT,25,10.5
22050,PINK PAISLEY ROSE GIFT WRAP,25,10.5
22052,VINTAGE CARAVAN GIFT WRAP,50,21
22053,EMPIRE DESIGN ROSETTE,1,1.25
22055,MINI CAKE STAND  HANGING STRAWBERY,23,37.75
22057,CERAMIC PLATE STRAWBERRY DESIGN,48,71.52
22059,CERAMIC STRAWBERRY DESIGN MUG,24,35.76
22060,LARGE CAKE STAND HANGING HEARTS,16,87.2
22061,LARGE CAKE STAND  HANGING STRAWBERY,16,149.04999999999998
22062,CERAMIC BOWL WITH LOVE HEART DESIGN,6,4.9799999999999995
22063,CERAMIC BOWL WITH STRAWBERRY DESIGN,6,17.700000000000003
22064,PINK DOUGHNUT TRINKET POT,35,56.15
22065,CHRISTMAS PUDDING TRINKET POT,22,22.02
22066,LOVE HEART TRINKET POT,5,1.9500000000000002
22067,CHOC TRUFFLE GOLD TRINKET POT,6,9.1
22068,BLACK PIRATE TREASURE CHEST,13,21.449999999999996
22070,SMALL RED RETROSPOT MUG IN BOX,296,336.54
22071,SMALL WHITE RETROSPOT MUG IN BOX,286,180.5
22072,RED RETROSPOT TEA CUP AND SAUCER,19,71.25
22073,RED RETROSPOT STORAGE JAR,12,45
22074,6 RIBBONS SHIMMERING PINKS,12,19.799999999999997
22075,6 RIBBONS ELEGANT CHRISTMAS,12,19.799999999999997
22077,6 RIBBONS RUSTIC CHARM,34,56.099999999999994
22079,RIBBON REEL HEARTS DESIGN,30,49.5
22080,RIBBON REEL POLKADOTS,10,16.5
22081,RIBBON REEL FLORA + FAUNA,10,16.5
22082,RIBBON REEL STRIPES DESIGN,20,33
22083,PAPER CHAIN KIT RETROSPOT,56,165.20000000000002
22084,PAPER CHAIN KIT EMPIRE,41,120.95
22086,PAPER CHAIN KIT 50'S CHRISTMAS,453,1160.35
22087,PAPER BUNTING WHITE LACE,76,223.8
22088,PAPER BUNTING COLOURED LACE,56,149.2
22090,PAPER BUNTING RETROSPOT,72,196.4
22091,EMPIRE TISSUE BOX,7,8.75
22093,MOTORING TISSUE BOX,12,15
22094,RED RETROSPOT TISSUE BOX,65,39.97
22095,LADS ONLY TISSUE BOX,9,11.06
22096,PINK PAISLEY SQUARE TISSUE BOX,6,2.34
22097,SWALLOW SQUARE TISSUE BOX,10,3.9000000000000004
22098,BOUDOIR SQUARE TISSUE BOX,75,30.11
22099,CARAVAN SQUARE TISSUE BOX,9,11.25
22101,MIRROR MOSAIC VOTIVE HOLDER,324,126.36
22102,MIRROR MOSAIC T-LIGHT HOLDER,720,280.8
22103,MIRROR MOSAIC T-LIGHT HOLDER ROUND,482,201.66
22105,MIRROR MOSAIC GOBLET CANDLE HOLDER,240,228
22106,MIRROR MOSAIC HURRICANE LAMP,121,156.75
22107,PIZZA PLATE IN BOX,21,76.25
22109,FULL ENGLISH BREAKFAST PLATE,33,114.39
22110,BIRD HOUSE HOT WATER BOTTLE,2,5.1
22111,SCOTTIE DOG HOT WATER BOTTLE,129,544.45
22112,CHOCOLATE HOT WATER BOTTLE,128,548.88
22113,GREY HEART HOT WATER BOTTLE,27,104.25
22114,HOT WATER BOTTLE TEA AND SYMPATHY,82,310.1
22116,METAL SIGN HIS DINNER IS SERVED,12,10.2
22119,PEACE WOODEN BLOCK LETTERS,1,6.95
22120,WELCOME  WOODEN BLOCK LETTERS,12,119.39999999999999
22121,NOEL WOODEN BLOCK LETTERS,1,5.95
22128,PARTY CONES CANDY ASSORTED,56,70
22130,PARTY CONE CHRISTMAS DECORATION,145,104.52999999999999
22131,FOOD CONTAINER SET 3 LOVE HEART,1,1.95
22132,RED LOVE HEART SHAPE CUP,12,10.2
22136,LOVE HEART SOCK HANGER,1,1.45
22138,BAKING SET 9 PIECE RETROSPOT,68,311.1
22139,RETROSPOT TEA SET CERAMIC 11 PC,42,195.3
22141,CHRISTMAS CRAFT TREE TOP ANGEL,16,33.6
22142,CHRISTMAS CRAFT WHITE FAIRY,11,15.95
22144,CHRISTMAS CRAFT LITTLE FRIENDS,44,92.4
22147,FELTCRAFT BUTTERFLY HEARTS,877,1103.65
22148,EASTER CRAFT 4 CHICKS,15,29.25
22149,FELTCRAFT 6 FLOWER FRIENDS,623,1158.3
22150,3 STRIPEY MICE FELTCRAFT,11,21.45
22151,PLACE SETTING WHITE HEART,890,321.96
22152,PLACE SETTING WHITE STAR,4,1.68
22153,ANGEL DECORATION STARS ON DRESS,70,29.400000000000002
22154,ANGEL DECORATION 3 BUTTONS,7,2.94
22155,STAR DECORATION RUSTIC,48,20.16
22156,HEART DECORATION WITH PEARLS,105,88.21
22158,3 HEARTS HANGING DECORATION RUSTIC,25,71.75
22161,HEART DECORATION RUSTIC HANGING,24,4.5600000000000005
22162,HEART GARLAND RUSTIC PADDED,11,32.45
22163,HEART STRING MEMO HOLDER HANGING,25,19.75
22165,"DIAMANTE HEART SHAPED WALL MIRROR,",1,12.75
22166,WALL MIRROR RECTANGLE DIAMANTE PINK,3,23.85
22167,OVAL WALL MIRROR DIAMANTE,5,49.75
22168,ORGANISER WOOD ANTIQUE WHITE,13,110.5
22169,FAMILY ALBUM WHITE PICTURE FRAME,32,257.55
22170,PICTURE FRAME WOOD TRIPLE PORTRAIT,19,118.65
22171,3 HOOK PHOTO SHELF ANTIQUE WHITE,110,859.35
22173,METAL 4 HOOK HANGER FRENCH CHATEAU,101,279.77
22175,PINK OWL SOFT TOY,2,5.9
22176,BLUE OWL SOFT TOY,2,5.9
22178,VICTORIAN GLASS HANGING T-LIGHT,450,638.4
22179,SET 10 LIGHTS NIGHT OWL,8,54
22179,SET 10 NIGHT OWL LIGHTS,21,124.95
22180,RETROSPOT LAMP,20,194.64999999999998
22181,SNOWSTORM PHOTO FRAME FRIDGE MAGNET,27,22.95
22182,CAKE STAND VICTORIAN FILIGREE SMALL,3,14.850000000000001
22183,CAKE STAND VICTORIAN FILIGREE MED,2,8.95
22184,CAKE STAND VICTORIAN FILIGREE LARGE,2,17
22186,RED STAR CARD HOLDER,53,132.14999999999998
22187,GREEN CHRISTMAS TREE CARD HOLDER,4,14.7
22188,BLACK HEART CARD HOLDER,1,3.95
22189,CREAM HEART CARD HOLDER,8,31.6
22191,IVORY DINER WALL CLOCK,344,2653.7000000000003
22192,BLUE DINER WALL CLOCK,21,168.3
22193,RED DINER WALL CLOCK,24,192.95000000000002
22194,BLACK DINER WALL CLOCK,2,17
22195,LARGE HEART MEASURING SPOONS,1,1.65
22196,SMALL HEART MEASURING SPOONS,29,24.13
22197,POPCORN HOLDER,427,329.40999999999997
22197,SMALL POPCORN HOLDER,44,37.14
22198,LARGE POPCORN HOLDER,43,69.35
22199,FRYING PAN RED RETROSPOT,8,34
22200,FRYING PAN PINK POLKADOT,4,15
22201,FRYING PAN BLUE POLKADOT,2,8.5
22202,MILK PAN PINK POLKADOT,1,3.75
22203,MILK PAN RED RETROSPOT,2,7.5
22204,MILK PAN BLUE POLKADOT,5,18.75
22207,FRYING PAN UNION FLAG,75,282.25
22208,WOOD STAMP SET THANK YOU,13,11.61
22209,WOOD STAMP SET HAPPY BIRTHDAY,12,9.959999999999999
22211,WOOD STAMP SET FLOWERS,48,69.6
22212,FOUR HOOK  WHITE LOVEBIRDS,24,50.400000000000006
22215,CAKE STAND WHITE TWO TIER LACE,2,17
22217,T-LIGHT HOLDER HANGING LACE,40,50
22219,LOVEBIRD HANGING DECORATION WHITE,26,22.099999999999998
22220,CAKE STAND LOVEBIRD 2 TIER WHITE,22,201.5
22221,CAKE STAND LOVEBIRD 2 TIER PINK,2,19.9
22224,WHITE LOVEBIRD LANTERN,4,11.8
22227,HANGING HEART MIRROR DECORATION,2,1.3
22228,BUNNY WOODEN PAINTED WITH BIRD,2,1.7
22229,BUNNY WOODEN PAINTED WITH FLOWER,2,1.7
22230,JIGSAW TREE WITH WATERING CAN,16,13.53
22231,JIGSAW TREE WITH BIRDHOUSE,69,95.05
22232,JIGSAW TOADSTOOLS 3 PIECE,64,54.72
22233,JIGSAW RABBIT AND BIRDHOUSE,21,33.589999999999996
22236,CAKE STAND 3 TIER MAGIC GARDEN,45,508.94999999999993
22241,GARLAND WOODEN HAPPY EASTER,4,4.8100000000000005
22242,5 HOOK HANGER MAGIC TOADSTOOL,34,56.099999999999994
22243,5 HOOK HANGER RED MAGIC TOADSTOOL,11,18.15
22244,3 HOOK HANGER MAGIC GARDEN,16,31.2
22245,"HOOK, 1 HANGER ,MAGIC GARDEN",5,4.25
22246,MAGIC GARDEN FELT GARLAND,12,23.4
22248,DECORATION  PINK CHICK MAGIC GARDEN,20,17
22249,DECORATION WHITE CHICK MAGIC GARDEN,4,3.4
22250,DECORATION  BUTTERFLY  MAGIC GARDEN,4,3.4
22251,BIRDHOUSE DECORATION MAGIC GARDEN,16,20
22252,BIRDCAGE DECORATION TEALIGHT HOLDER,6,7.5
22258,FELT FARM ANIMAL RABBIT,7,8.75
22260,FELT EGG COSY BLUE RABBIT,4,3.4
22261,FELT EGG COSY WHITE RABBIT,4,3.4
22262,FELT EGG COSY CHICKEN,5,4.25
22263,FELT EGG COSY LADYBIRD,49,32.34
22268,DECORATION SITTING BUNNY,39,7.41
22268,EASTER DECORATION SITTING BUNNY,1,0.85
22270,HAPPY EASTER HANGING DECORATION,7,25.89
22271,FELTCRAFT DOLL ROSIE,8,23.6
22272,FELTCRAFT DOLL MARIA,1,2.95
22273,FELTCRAFT DOLL MOLLY,1447,3512.6499999999996
22274,FELTCRAFT DOLL EMILY,7,20.650000000000002
22276,WASH BAG VINTAGE ROSE PAISLEY,7,17.849999999999998
22278,OVERNIGHT BAG VINTAGE ROSE PAISLEY,6,29.700000000000003
22279,POCKET BAG BLUE PAISLEY RED SPOT,1,1.25
22282,12 EGG HOUSE PAINTED WOOD,1,12.75
22283,6 EGG HOUSE PAINTED WOOD,4,31.8
22284,HEN HOUSE DECORATION,13,21.449999999999996
22287,DECORATION WOBBLY CHICKEN,12,4.68
22291,HANGING CHICK CREAM DECORATION,24,34.8
22294,HEART FILIGREE DOVE  SMALL,34,42.5
22295,HEART FILIGREE DOVE LARGE,12,19.799999999999997
22296,HEART IVORY TRELLIS LARGE,1,1.65
22299,PIG KEYRING WITH LIGHT & SOUND,52,65
22300,COFFEE MUG DOG + BALL DESIGN,13,33.15
22301,COFFEE MUG CAT + BIRD DESIGN,24,59.4
22302,COFFEE MUG PEARS  DESIGN,12,30.599999999999998
22303,COFFEE MUG APPLES DESIGN,74,171.15
22305,COFFEE MUG PINK PAISLEY DESIGN,1,2.55
22306,SILVER MUG BONE CHINA TREE OF LIFE,17,28.7
22307,GOLD MUG BONE CHINA TREE OF LIFE,39,45.9
22311,OFFICE MUG WARMER BLACK+SILVER,7,20.650000000000002
22312,OFFICE MUG WARMER POLKADOT,26,76.70000000000002
22313,OFFICE MUG WARMER PINK,250,637.5
22314,OFFICE MUG WARMER CHOC+BLUE,2,5.9
22316,200 BENDY SKULL STRAWS,1,1.25
22318,FIVE HEART HANGING DECORATION,7,20.650000000000002
22319,HAIRCLIPS FORTIES FABRIC ASSORTED,6,3.9000000000000004
22320,BIRDS MOBILE VINTAGE DESIGN,9,53.550000000000004
22321,BIRD DECORATION RED RETROSPOT,1,0.85
22322,BIRD DECORATION GREEN POLKADOT,12,10.2
22325,MOBILE VINTAGE HEARTS,13,64.35000000000001
22326,ROUND SNACK BOXES SET OF4 WOODLAND,40,118.00000000000001
22327,ROUND SNACK BOXES SET OF 4 SKULLS,15,44.25000000000001
22328,ROUND SNACK BOXES SET OF 4 FRUITS,658,1691.4999999999998
22329,ROUND CONTAINER SET OF 5 RETROSPOT,17,28.049999999999997
22331,WOODLAND PARTY BAG + STICKER SET,2,3.3
22332,SKULLS PARTY BAG + STICKER SET,24,39.599999999999994
22333,RETROSPOT PARTY BAG + STICKER SET,82,135.29999999999998
22336,DOVE DECORATION PAINTED ZINC,23,14.950000000000001
22338,STAR DECORATION PAINTED ZINC,21,12.270000000000001
22339,CHRISTMAS TREE PAINTED ZINC,31,16.93
22340,NOEL GARLAND PAINTED ZINC,12,17.4
22342,HOME GARLAND PAINTED ZINC,36,40.199999999999996
22343,PARTY PIZZA DISH RED RETROSPOT,18,15.299999999999999
22345,PARTY PIZZA DISH BLUE POLKADOT,18,15.299999999999999
22348,TEA BAG PLATE RED RETROSPOT,12,10.2
22349,DOG BOWL CHASING BALL DESIGN,13,48.75
22350,ILLUSTRATED CAT BOWL,1,2.55
22352,LUNCH BOX WITH CUTLERY RETROSPOT,16,40.8
22354,RETROSPOT PADDED SEAT CUSHION,1,3.39
22355,CHARLOTTE BAG SUKI DESIGN,150,113.59
22356,CHARLOTTE BAG PINK POLKADOT,266,201.53
22357,KINGS CHOICE BISCUIT TIN,18,76.5
22358,KINGS CHOICE TEA CADDY,8,23.6
22359,GLASS JAR KINGS CHOICE,3,8.850000000000001
22360,GLASS JAR ENGLISH CONFECTIONERY,104,282
22361,GLASS JAR DAISY FRESH COTTON WOOL,12,35
22362,GLASS JAR PEACOCK BATH SALTS,33,97.35000000000001
22363,GLASS JAR MARMALADE,130,335.5
22364,GLASS JAR DIGESTIVE BISCUITS,67,182.45000000000002
22365,DOORMAT RESPECTABLE HOUSE,2,15.9
22366,DOORMAT AIRMAIL,27,194.07000000000002
22367,CHILDRENS APRON SPACEBOY DESIGN,35,68.25
22371,AIRLINE BAG VINTAGE TOKYO 78,14,57.78
22372,AIRLINE BAG VINTAGE WORLD CHAMPION,1,4.25
22374,AIRLINE BAG VINTAGE JET SET RED,4,17
22377,BOTTLE BAG RETROSPOT,9,18.45
22378,WALL TIDY RETROSPOT,1,2.1
22379,RECYCLING BAG RETROSPOT,64,122.65
22380,TOY TIDY SPACEBOY,37,77.7
22381,TOY TIDY PINK POLKADOT,27,56.45
22382,LUNCH BAG SPACEBOY DESIGN,159,242.35
22383,LUNCH BAG SUKI  DESIGN,4,6.3999999999999995
22383,LUNCH BAG SUKI DESIGN,144,217.4
22384,LUNCH BAG PINK POLKADOT,152,236.2
22385,JUMBO BAG SPACEBOY DESIGN,118,215.14
22386,JUMBO BAG PINK POLKADOT,456,816.58
22389,PAPERWEIGHT SAVE THE PLANET,100,210
22393,PAPERWEIGHT VINTAGE COLLAGE,4,10.2
22394,PAPERWEIGHT KINGS CHOICE,6,15.299999999999999
22396,MAGNETS PACK OF 4 RETRO PHOTO,12,15
22398,MAGNETS PACK OF 4 SWALLOWS,84,105
22399,MAGNETS PACK OF 4 CHILDHOOD MEMORY,24,30
22400,MAGNETS PACK OF 4 HOME SWEET HOME,1,0.39
22402,MAGNETS PACK OF 4 VINTAGE COLLAGE,12,15
22403,MAGNETS PACK OF 4 VINTAGE LABELS,12,15
22405,MONEY BOX POCKET MONEY DESIGN,1,1.06
22406,MONEY BOX KINGS CHOICE DESIGN,1,1.25
22409,MONEY BOX BISCUITS DESIGN,1,1.25
22411,JUMBO SHOPPER VINTAGE RED PAISLEY,354,622.47
22412,METAL SIGN NEIGHBOURHOOD WITCH,2,4.2
22413,METAL SIGN TAKE IT OR LEAVE IT,18,53.10000000000001
22414,DOORMAT NEIGHBOURHOOD WITCH,2,16.2
22416,SET OF 36 SPACEBOY PAPER DOILIES,6,8.7
22417,PACK OF 60 SPACEBOY CAKE CASES,46,25.300000000000004
22418,10 COLOUR SPACEBOY PEN,172,146.2
22419,LIPSTICK PEN RED,6,2.52
22421,LIPSTICK PEN FUSCHIA,2,0.84
22423,REGENCY CAKESTAND 3 TIER,855,9697.05
22424,ENAMEL BREAD BIN CREAM,28,342.6
22425,ENAMEL COLANDER CREAM,6,29.700000000000003
22426,ENAMEL WASH BOWL CREAM,12,45
22427,ENAMEL FLOWER JUG CREAM,42,243.9
22428,ENAMEL FIRE BUCKET CREAM,3,20.85
22429,ENAMEL MEASURING JUG CREAM,33,140.25
22430,ENAMEL WATERING CAN CREAM,20,99
22431,WATERING CAN BLUE ELEPHANT,8,15.6
22432,WATERING CAN PINK BUNNY,14,27.299999999999997
22433,WATERING CAN GREEN DINOSAUR,3,5.85
22434,BALLOON PUMP WITH 10 BALLOONS,18,35.1
22435,SET OF 9 HEART SHAPED BALLOONS,12,15
22436,12 COLOURED PARTY BALLOONS,20,13
22437,SET OF 9 BLACK SKULL BALLOONS,10,8.5
22439,6 ROCKET BALLOONS,68,44.2
22440,BALLOON WATER BOMB PACK OF 35,10,4.2
22441,GROW YOUR OWN BASIL IN ENAMEL MUG,3,6.300000000000001
22442,GROW YOUR OWN FLOWERS SET OF 3,11,87.45
22443,GROW YOUR OWN HERBS SET OF 3,2,15.9
22444,GROW YOUR OWN PLANT IN A CAN,32,40
22449,SILK PURSE BABUSHKA PINK,6,20.1
22450,SILK PURSE BABUSHKA BLUE,1,3.35
22452,MEASURING TAPE BABUSHKA PINK,1,2.95
22453,MEASURING TAPE BABUSHKA BLUE,1,2.95
22454,MEASURING TAPE BABUSHKA RED,8,23.6
22456,NATURAL SLATE CHALKBOARD LARGE,68,326.8
22457,NATURAL SLATE HEART CHALKBOARD,52,152.60000000000002
22460,EMBOSSED GLASS TEALIGHT HOLDER,19,23.75
22461,SAVOY ART DECO CLOCK,23,173.45
22464,HANGING METAL HEART LANTERN,122,186.89999999999998
22465,HANGING METAL STAR LANTERN,27,42.15
22466,FAIRY TALE COTTAGE NIGHT LIGHT,17,28.049999999999997
22466,FAIRY TALE COTTAGE NIGHTLIGHT,4,7.8
22467,GUMBALL COAT RACK,147,337.5
22468,BABUSHKA LIGHTS STRING OF 10,3,19.45
22469,HEART OF WICKER SMALL,135,207.95
22470,HEART OF WICKER LARGE,68,189.5
22471,TV DINNER TRAY AIR HOSTESS,1,1.95
22472,TV DINNER TRAY DOLLY GIRL,2,9.9
22474,SPACEBOY TV DINNER TRAY,32,136
22476,EMPIRE UNION JACK TV DINNER TRAY,8,39.6
22477,WATERING CAN GARDEN MARKER,1,1.25
22483,RED GINGHAM TEDDY BEAR,1,2.95
22485,SET OF 2 WOODEN MARKET CRATES,6,76.5
22486,PLASMATRONIC LAMP,6,76.5
22487,WHITE WOOD GARDEN PLANT LADDER,25,232.79999999999998
22488,NATURAL SLATE RECTANGLE CHALKBOARD,35,57.74999999999999
22489,PACK OF 12 TRADITIONAL CRAYONS,2,0.84
22491,PACK OF 12 COLOURED PENCILS,12,10.2
22492,MINI PAINT SET VINTAGE,196,127.4
22493,PAINT YOUR OWN CANVAS SET,273,396.45
22494,EMERGENCY FIRST AID TIN,40,50
22495,SET OF 2 ROUND TINS CAMEMBERT,6,17.700000000000003
22496,SET OF 2 ROUND TINS DUTCH CHEESE,4,11.8
22499,WOODEN UNION JACK BUNTING,4,23.8
22501,PICNIC BASKET WICKER LARGE,100,873.2
22502,PICNIC BASKET WICKER SMALL,75,385.25
22503,CABIN BAG VINTAGE PAISLEY,19,461.84999999999997
22504,CABIN BAG VINTAGE RETROSPOT,5,132.55
22505,MEMO BOARD COTTAGE DESIGN,5,24.75
22507,MEMO BOARD RETROSPOT  DESIGN,7,33.95
22508,DOORSTOP RETROSPOT HEART,22,82.5
22509,SEWING BOX RETROSPOT DESIGN,16,239.2
22511,RETROSPOT BABUSHKA DOORSTOP,1,3.75
22515,CHILDS GARDEN SPADE PINK,2,4.2
22522,CHILDS GARDEN FORK BLUE,12,10.2
22523,CHILDS GARDEN FORK PINK,12,10.2
22526,WHEELBARROW FOR CHILDREN,6,76.5
22530,MAGIC DRAWING SLATE DOLLY GIRL,24,10.08
22533,MAGIC DRAWING SLATE BAKE A CAKE,24,10.08
22534,MAGIC DRAWING SLATE SPACEBOY,2,0.84
22535,MAGIC DRAWING SLATE BUNNIES,48,20.16
22536,MAGIC DRAWING SLATE PURDEY,131,47.81999999999999
22537,MAGIC DRAWING SLATE DINOSAUR,48,20.16
22540,MINI JIGSAW CIRCUS PARADE,1,0.42
22544,MINI JIGSAW SPACEBOY,43,18.06
22545,MINI JIGSAW BUNNIES,1,0.42
22546,MINI JIGSAW PURDEY,1,0.42
22547,MINI JIGSAW DINOSAUR,2,0.84
22550,HOLIDAY FUN LUDO,8,30
22551,PLASTERS IN TIN SPACEBOY,29,47.849999999999994
22553,PLASTERS IN TIN SKULLS,84,138.6
22554,PLASTERS IN TIN WOODLAND ANIMALS,29,47.849999999999994
22555,PLASTERS IN TIN STRONGMAN,21,34.65
22556,PLASTERS IN TIN CIRCUS PARADE,66,108.89999999999999
22557,PLASTERS IN TIN VINTAGE PAISLEY,27,44.55
22558,CLOTHES PEGS RETROSPOT PACK 24,42,66.58
22560,TRADITIONAL MODELLING CLAY,1,1.06
22561,WOODEN SCHOOL COLOURING SET,276,405
22563,HAPPY STENCIL CRAFT,1,1.25
22564,ALPHABET STENCIL CRAFT,437,464.17
22567,20 DOLLY PEGS RETROSPOT,26,32.7
22568,FELTCRAFT CUSHION OWL,158,540.6600000000001
22569,FELTCRAFT CUSHION BUTTERFLY,194,658.38
22570,FELTCRAFT CUSHION RABBIT,245,832.35
22571,ROCKING HORSE RED CHRISTMAS,109,80.17
22574,HEART WOODEN CHRISTMAS DECORATION,192,138.24
22575,METAL MERRY CHRISTMAS WREATH,6,11.7
22576,SWALLOW WOODEN CHRISTMAS DECORATION,6,5.1
22577,WOODEN HEART CHRISTMAS SCANDINAVIAN,101,83.05
22578,WOODEN STAR CHRISTMAS SCANDINAVIAN,133,112.49
22579,WOODEN TREE CHRISTMAS SCANDINAVIAN,96,81.6
22580,ADVENT CALENDAR GINGHAM SACK,61,314.95000000000005
22581,WOOD STOCKING CHRISTMAS SCANDISPOT,2,1.7
22582,PACK OF 6 SWEETIE GIFT BOXES,12,30.599999999999998
22583,PACK OF 6 HANDBAG GIFT BOXES,2,5.1
22584,PACK OF 6 PANETTONE GIFT BOXES,14,35.699999999999996
22584,PACK OF 6 PANNETONE GIFT BOXES,1,2.55
22585,PACK OF 6 BIRDY GIFT TAGS,45,56.25
22586,FELTCRAFT HAIRBAND PINK AND BLUE,48,40.8
22588,CARD HOLDER GINGHAM HEART,195,411.87000000000006
22591,CARDHOLDER GINGHAM CHRISTMAS TREE,59,156.04999999999998
22592,CARDHOLDER HOLLY WREATH METAL,2,7.5
22593,CHRISTMAS GINGHAM STAR,144,103.67999999999999
22594,CHRISTMAS GINGHAM TREE,1,0.85
22595,CHRISTMAS GINGHAM HEART,144,103.67999999999999
22596,CHRISTMAS STAR WISH LIST CHALKBOARD,25,30.72
22597,MUSICAL ZINC HEART DECORATION,34,28.9
22598,CHRISTMAS MUSICAL ZINC TREE,6,5.1
22599,CHRISTMAS MUSICAL ZINC STAR,24,20.4
22600,CHRISTMAS RETROSPOT STAR WOOD,28,23.799999999999997
22601,CHRISTMAS RETROSPOT ANGEL WOOD,4,3.4
22602,RETROSPOT WOODEN HEART DECORATION,40,34
22603,CHRISTMAS RETROSPOT TREE WOOD,13,11.049999999999999
22605,WOODEN CROQUET GARDEN SET,8,97
22606,WOODEN SKITTLES GARDEN SET,11,118.25
22607,WOODEN ROUNDERS GARDEN SET,4,36.9
22608,PENS ASSORTED FUNKY JEWELED,7,1.33
22609,PENS ASSORTED SPACEBALL,36,6.84
22613,PACK OF 20 SPACEBOY NAPKINS,10,8.5
22614,PACK OF 12 SPACEBOY TISSUES,37,14.43
22615,PACK OF 12 CIRCUS PARADE TISSUES,12,4.68
22616,PACK OF 12 LONDON TISSUES,24,8.16
22617,BAKING SET SPACEBOY DESIGN,29,142.15
22618,COOKING SET RETROSPOT,20,174.18
22619,SET OF 6 SOLDIER SKITTLES,4,15
22620,4 TRADITIONAL SPINNING TOPS,10,12.9
22621,TRADITIONAL KNITTING NANCY,51,64.75
22622,BOX OF VINTAGE ALPHABET BLOCKS,13,151.35
22623,BOX OF VINTAGE JIGSAW BLOCKS,16,85.2
22624,IVORY KITCHEN SCALES,17,137.7
22625,RED KITCHEN SCALES,24,198.05
22626,BLACK KITCHEN SCALES,9,76.5
22627,MINT KITCHEN SCALES,15,117.21000000000001
22628,PICNIC BOXES SET OF 3 RETROSPOT,21,103.95
22629,SPACEBOY LUNCH BOX,54,92.7
22630,DOLLY GIRL LUNCH BOX,275,478.6499999999999
22631,CIRCUS PARADE LUNCH BOX,33,64.35
22632,HAND WARMER RED RETROSPOT,29,59.150000000000006
22633,HAND WARMER UNION JACK,26,54.60000000000001
22634,CHILDS BREAKFAST SET SPACEBOY,41,381.84999999999997
22635,CHILDS BREAKFAST SET DOLLY GIRL,84,727.05
22636,CHILDS BREAKFAST SET CIRCUS PARADE,29,239.70000000000002
22637,PIGGY BANK RETROSPOT,55,136.2
22638,SET OF 4 NAPKIN CHARMS CROWNS,1,2.55
22644,CERAMIC CHERRY CAKE MONEY BANK,9,13.05
22645,CERAMIC HEART FAIRY CAKE MONEY BANK,17,24.45
22646,CERAMIC STRAWBERRY CAKE MONEY BANK,31,41.9
22647,CERAMIC LOVE HEART MONEY BANK,12,17.4
22649,STRAWBERRY FAIRY CAKE TEAPOT,40,195.20000000000002
22650,CERAMIC PIRATE CHEST MONEY BANK,3,4.35
22652,TRAVEL SEWING KIT,15,24.75
22653,BUTTON BOX,30,58.5
22654,DELUXE SEWING KIT,33,193.35000000000002
22655,VINTAGE RED KITCHEN CABINET,10,1730.5
22656,VINTAGE BLUE KITCHEN CABINET,6,800
22659,LUNCH BOX I LOVE LONDON,322,546
22661,CHARLOTTE BAG DOLLY GIRL DESIGN,13,10.79
22662,LUNCH BAG DOLLY GIRL DESIGN,17,28.049999999999997
22663,JUMBO BAG DOLLY GIRL DESIGN,11,21.45
22664,TOY TIDY DOLLY GIRL DESIGN,12,25.2
22665,RECIPE BOX BLUE SKETCHBOOK DESIGN,22,62.10000000000001
22666,RECIPE BOX PANTRY YELLOW DESIGN,151,421.05
22667,RECIPE BOX RETROSPOT,81,225.35000000000002
22668,PINK BABY BUNTING,60,157
22669,RED BABY BUNTING,50,127.49999999999999
22670,FRENCH WC SIGN BLUE METAL,5,6.25
22671,FRENCH LAUNDRY SIGN BLUE METAL,1,1.45
22672,FRENCH BATHROOM SIGN BLUE METAL,16,26.4
22673,FRENCH GARDEN SIGN BLUE METAL,12,15
22674,FRENCH TOILET SIGN BLUE METAL,13,16.25
22675,FRENCH KITCHEN SIGN BLUE METAL,27,33.75
22676,FRENCH BLUE METAL DOOR SIGN 1,11,13.75
22677,FRENCH BLUE METAL DOOR SIGN 2,11,13.75
22678,FRENCH BLUE METAL DOOR SIGN 3,11,13.75
22679,FRENCH BLUE METAL DOOR SIGN 4,10,12.5
22680,FRENCH BLUE METAL DOOR SIGN 5,30,37.5
22681,FRENCH BLUE METAL DOOR SIGN 6,12,14.81
22682,FRENCH BLUE METAL DOOR SIGN 7,11,13.75
22683,FRENCH BLUE METAL DOOR SIGN 8,12,15
22684,FRENCH BLUE METAL DOOR SIGN 9,13,16.25
22685,FRENCH BLUE METAL DOOR SIGN 0,10,12.5
22686,FRENCH BLUE METAL DOOR SIGN No,24,30
22689,DOORMAT MERRY CHRISTMAS RED,52,354
22690,DOORMAT HOME SWEET HOME BLUE,6,48.3
22691,DOORMAT WELCOME SUNRISE,3,24.15
22692,DOORMAT WELCOME TO OUR HOME,3,23.85
22693,GROW A FLYTRAP OR SUNFLOWER IN TIN,72,90
22694,WICKER STAR,52,109.2
22697,GREEN REGENCY TEACUP AND SAUCER,143,393.05
22698,PINK REGENCY TEACUP AND SAUCER,138,387.5
22699,ROSES REGENCY TEACUP AND SAUCER,437,1150.35
22700,BLACK AND WHITE DOG BOWL,22,31.300000000000004
22701,PINK DOG BOWL,16,43.00000000000001
22704,WRAP RED APPLES,50,21
22705,WRAP GREEN PEARS,25,10.5
22706,WRAP COWBOYS,25,10.5
22708,WRAP DOLLY GIRL,25,10.5
22710,WRAP I LOVE LONDON,50,21
22711,WRAP CIRCUS PARADE,50,21
22712,CARD DOLLY GIRL,25,10.5
22713,CARD I LOVE LONDON,8,3.36
22714,CARD BIRTHDAY COWBOY,12,5.04
22718,CARD CAT AND TREE,24,10.08
22719,GUMBALL MONOCHROME COAT RACK,10,11.17
22720,SET OF 3 CAKE TINS PANTRY DESIGN,154,730.1
22722,SET OF 6 SPICE TINS PANTRY DESIGN,30,118
22723,SET OF 6 HERB TINS SKETCHBOOK,2,7.9
22725,ALARM CLOCK BAKELIKE CHOCOLATE,48,180
22726,ALARM CLOCK BAKELIKE GREEN,41,153.75
22727,ALARM CLOCK BAKELIKE RED,71,266.25
22728,ALARM CLOCK BAKELIKE PINK,41,153.75
22729,ALARM CLOCK BAKELIKE ORANGE,31,115.89
22730,ALARM CLOCK BAKELIKE IVORY,50,187.5
22731,3D CHRISTMAS STAMPS STICKERS,14,17.5
22734,SET OF 6 RIBBONS VINTAGE CHRISTMAS,30,86.7
22736,RIBBON REEL MAKING SNOWMEN,13,21.45
22737,RIBBON REEL CHRISTMAS PRESENT,40,66
22738,RIBBON REEL SNOWY VILLAGE,130,190.5
22739,RIBBON REEL CHRISTMAS SOCK BAUBLE,10,16.5
22741,FUNKY DIVA PEN,51,43.349999999999994
22742,MAKE YOUR OWN PLAYTIME CARD KIT,2,5.9
22743,MAKE YOUR OWN FLOWERPOWER CARD KIT,6,17.700000000000003
22744,MAKE YOUR OWN MONSOON CARD KIT,8,23.6
22745,POPPY'S PLAYHOUSE BEDROOM,13,27.300000000000004
22746,POPPY'S PLAYHOUSE LIVINGROOM,12,25.200000000000003
22747,POPPY'S PLAYHOUSE BATHROOM,6,12.600000000000001
22748,POPPY'S PLAYHOUSE KITCHEN,17,35.7
22750,FELTCRAFT PRINCESS LOLA DOLL,6,22.5
22751,FELTCRAFT PRINCESS OLIVIA DOLL,2,7.5
22752,SET 7 BABUSHKA NESTING BOXES,124,952.0000000000001
22757,LARGE RED BABUSHKA NOTEBOOK,1,1.25
22759,SET OF 3 NOTEBOOKS IN PARCEL,24,39.599999999999994
22760,"TRAY, BREAKFAST IN BED",6,74.7
22761,CHEST 7 DRAWER MA CAMPAGNE,2,43.9
22762,CUPBOARD 3 DRAWER MA CAMPAGNE,18,244.9
22763,KEY CABINET MA CAMPAGNE,5,49.75
22764,"RUSTIC WOODEN CABINET, GLASS DOORS",1,24.95
22766,PHOTO FRAME CORNICE,53,156.35000000000002
22767,TRIPLE PHOTO FRAME CORNICE,35,348.25
22768,FAMILY PHOTO FRAME CORNICE,36,355.29999999999995
22769,CHALKBOARD KITCHEN ORGANISER,10,225.5
22770,MIRROR CORNICE,4,59.8
22771,CLEAR DRAWER KNOB ACRYLIC EDWARDIAN,30,37.5
22772,PINK DRAWER KNOB ACRYLIC EDWARDIAN,3,3.75
22774,RED DRAWER KNOB ACRYLIC EDWARDIAN,16,19.81
22775,PURPLE DRAWERKNOB ACRYLIC EDWARDIAN,28,35
22776,SWEETHEART 3 TIER CAKE STAND,24,219.95
22776,SWEETHEART CAKESTAND 3 TIER,69,643.05
22777,GLASS CLOCHE LARGE,5,41.65
22778,GLASS CLOCHE SMALL,64,223.12
22779,WOODEN OWLS LIGHT GARLAND,25,106.25
22780,LIGHT GARLAND BUTTERFILES PINK,25,106.25
22781,GUMBALL MAGAZINE RACK,49,352.35
22784,LANTERN CREAM GAZEBO,41,200.85000000000002
22788,BROCANTE COAT RACK,6,56.8
22789,T-LIGHT HOLDER SWEETHEART HANGING,1,1.95
22791,T-LIGHT GLASS FLUTED ANTIQUE,177,192.75000000000003
22792,FLUTED ANTIQUE CANDLE HOLDER,12,10.2
22794,SWEETHEART WIRE MAGAZINE RACK,5,39.75
22795,SWEETHEART RECIPE BOOK STAND,17,78.45
22796,PHOTO FRAME 3 CLASSIC HANGING,55,524.05
22797,CHEST OF DRAWERS GINGHAM HEART,14,237.29999999999998
22798,ANTIQUE GLASS DRESSING TABLE POT,45,132.75
22800,ANTIQUE TALL SWIRLGLASS TRINKET POT,10,37.5
22801,ANTIQUE GLASS PEDESTAL BOWL,19,70.89
22804,CANDLEHOLDER PINK HANGING HEART,12,35.400000000000006
22804,PINK HANGING HEART T-LIGHT HOLDER,164,419.8
22805,BLUE DRAWER KNOB ACRYLIC EDWARDIAN,13,16.25
22808,SET OF 6 T-LIGHTS EASTER CHICKS,18,53.1
22809,SET OF 6 T-LIGHTS SANTA,30,83.7
22810,SET OF 6 T-LIGHTS SNOWMEN,54,140.1
22811,SET OF 6 T-LIGHTS CACTI,1,2.95
22812,PACK 3 BOXES CHRISTMAS PANETTONE,6,11.7
22812,PACK 3 BOXES CHRISTMAS PANNETONE,15,29.25
22818,CARD CHRISTMAS VILLAGE,96,40.32
22820,GIFT BAG BIRTHDAY,2,1.3
22821,GIFT BAG PSYCHEDELIC APPLES,12,7.800000000000001
22822,CREAM WALL PLANTER HEART SHAPED,2,11.9
22824,3 TIER SWEETHEART GARDEN SHELF,1,35.95
22825,DECORATIVE PLANT POT WITH FRIEZE,2,13.5
22826,LOVE SEAT ANTIQUE WHITE METAL,4,517.5
22827,RUSTIC  SEVENTEEN DRAWER SIDEBOARD,3,415
22829,SWEETHEART WIRE WALL TIDY,10,87.9
22832,BROCANTE SHELF WITH HOOKS,7,75.25
22834,HAND WARMER BABUSHKA DESIGN,203,306.05
22835,HOT WATER BOTTLE I AM SO POORLY,394,1679.7
22837,HOT WATER BOTTLE BABUSHKA,37,157.65
22838,3 TIER CAKE TIN RED AND CREAM,128,1671.6
22839,3 TIER CAKE TIN GREEN AND CREAM,14,209.29999999999998
22840,ROUND CAKE TIN VINTAGE RED,20,158
22841,ROUND CAKE TIN VINTAGE GREEN,13,103.35000000000001
22842,BISCUIT TIN VINTAGE RED,19,127.45
22843,BISCUIT TIN VINTAGE GREEN,10,67.5
22844,VINTAGE CREAM DOG FOOD CONTAINER,28,227.8
22845,VINTAGE CREAM CAT FOOD CONTAINER,14,88.1
22846,BREAD BIN DINER STYLE RED,26,416.7
22847,BREAD BIN DINER STYLE IVORY,44,711.8
22848,BREAD BIN DINER STYLE PINK,11,176.45
22849,BREAD BIN DINER STYLE MINT,15,234.25
22851,SET 20 NAPKINS FAIRY CAKES DESIGN,13,11.049999999999999
22852,DOG BOWL VINTAGE CREAM,5,21.25
22853,CAT BOWL VINTAGE CREAM,6,19.5
22854,CREAM SWEETHEART EGG HOLDER,3,14.850000000000001
22855,FINE WICKER HEART,12,15
22856,ASSORTED EASTER DECORATIONS  BELLS,21,26.25
22858,EASTER TIN KEEPSAKE,10,16.499999999999996
22859,EASTER TIN BUNNY BOUQUET,32,52.79999999999999
22860,EASTER TIN CHICKS PINK DAISY,15,24.75
22863,SOAP DISH BROCANTE,13,38.35000000000001
22865,HAND WARMER OWL DESIGN,123,258.05
22866,HAND WARMER SCOTTY DOG DESIGN,111,209.10000000000002
22867,HAND WARMER BIRD DESIGN,53,111.30000000000001
22869,NUMBER TILE COTTAGE GARDEN 1,1,1.95
22877,NUMBER TILE COTTAGE GARDEN 9,1,1.95
22878,NUMBER TILE COTTAGE GARDEN No,1,2.1
22882,NUMBER TILE VINTAGE FONT 3,1,1.95
22883,NUMBER TILE VINTAGE FONT 4,1,1.95
22885,NUMBER TILE VINTAGE FONT 6,1,1.95
22890,NOVELTY BISCUITS CAKE STAND 3 TIER,29,268.25
22891,TEA FOR ONE POLKADOT,30,127.5
22892,SET OF SALT AND PEPPER TOADSTOOLS,96,115.19
22893,MINI CAKE STAND T-LIGHT HOLDER,21,8.82
22895,SET OF 2 TEA TOWELS APPLE AND PEARS,6,17.700000000000003
22896,PEG BAG APPLES DESIGN,18,45.9
22897,OVEN MITT APPLES DESIGN,42,60.9
22899,CHILDREN'S APRON DOLLY GIRL,5,10.5
22900,SET 2 TEA TOWELS I LOVE LONDON,216,552.6
22902,TOTE BAG I LOVE LONDON,24,50.400000000000006
22904,CALENDAR PAPER CUT DESIGN,2,5.9
22906,12 MESSAGE CARDS WITH ENVELOPES,1,1.65
22907,PACK OF 20 NAPKINS PANTRY DESIGN,52,44.199999999999996
22908,PACK OF 20 NAPKINS RED APPLES,3,2.55
22909,SET OF 20 VINTAGE CHRISTMAS NAPKINS,259,195.19
22910,PAPER CHAIN KIT VINTAGE CHRISTMAS,351,931.4499999999999
22911,PAPER CHAIN KIT LONDON,6,17.700000000000003
22912,YELLOW COAT RACK PARIS FASHION,6,29.700000000000003
22913,RED COAT RACK PARIS FASHION,4,19.8
22914,BLUE COAT RACK PARIS FASHION,5,24.75
22915,ASSORTED BOTTLE TOP  MAGNETS,90,37.8
22916,HERB MARKER THYME,12,7.800000000000001
22917,HERB MARKER ROSEMARY,12,7.800000000000001
22918,HERB MARKER PARSLEY,12,7.800000000000001
22919,HERB MARKER MINT,12,7.800000000000001
22920,HERB MARKER BASIL,1527,841.0500000000001
22921,HERB MARKER CHIVES,12,7.800000000000001
22922,FRIDGE MAGNETS US DINER ASSORTED,234,183.29999999999998
22923,FRIDGE MAGNETS LES ENFANTS ASSORTED,176,134
22924,FRIDGE MAGNETS LA VIE EN ROSE,229,179.04999999999998
22925,BLUE GIANT GARDEN THERMOMETER,8,47.6
22926,IVORY GIANT GARDEN THERMOMETER,15,89.25
22927,GREEN GIANT GARDEN THERMOMETER,14,83.3
22928,YELLOW GIANT GARDEN THERMOMETER,6,35.7
22929,SCHOOL DESK AND CHAIR,3,195
22930,BAKING MOULD HEART MILK CHOCOLATE,96,201.60000000000002
22932,BAKING MOULD TOFFEE CUP CHOCOLATE,120,262.8
22933,BAKING MOULD EASTER EGG MILK CHOC,156,337.80000000000007
22934,BAKING MOULD EASTER EGG WHITE CHOC,3,8.850000000000001
22935,BAKING MOULD ROSE MILK CHOCOLATE,72,198
22936,BAKING MOULD ROSE WHITE CHOCOLATE,72,198
22937,BAKING MOULD CHOCOLATE CUPCAKES,13,33.15
22938,CUPCAKE LACE PAPER SET 6,60,117
22939,APRON APPLE DELIGHT,14,69.30000000000001
22940,FELTCRAFT CHRISTMAS FAIRY,34,99.5
22941,CHRISTMAS LIGHTS 10 REINDEER,51,429.25
22942,CHRISTMAS LIGHTS 10 SANTAS,76,604.35
22943,CHRISTMAS LIGHTS 10 VINTAGE BAUBLES,34,165.5
22944,CHRISTMAS METAL POSTCARD WITH BELLS,13,5.93
22945,CHRISTMAS METAL TAGS ASSORTED,258,200.57999999999998
22946,WOODEN ADVENT CALENDAR CREAM,17,237.75
22947,WOODEN ADVENT CALENDAR RED,6,72.92
22948,METAL DECORATION NAUGHTY CHILDREN,12,10.2
22949,36 DOILIES DOLLY GIRL,12,17.4
22949,SET OF 36 DOLLY GIRL PAPER DOILIES,2,2.9
22950,36 DOILIES VINTAGE CHRISTMAS,324,412.2
22950,SET OF 36 VINTAGE CHRISTMAS DOILIES,1,1.45
22951,60 CAKE CASES DOLLY GIRL DESIGN,120,66
22952,60 CAKE CASES VINTAGE CHRISTMAS,312,140.4
22954,HEN PARTY CORDON BARRIER TAPE,1,1.25
22956,36 FOIL HEART CAKE CASES,152,283.20000000000005
22957,SET 3 PAPER VINTAGE CHICK PAPER EGG,26,71.9
22959,WRAP CHRISTMAS VILLAGE,300,126
22960,JAM MAKING SET WITH JARS,247,1012.79
22961,JAM MAKING SET PRINTED,331,425.75
22962,JAM JAR WITH PINK LID,85,72.11999999999999
22963,JAM JAR WITH GREEN LID,115,90.86
22964,3 PIECE SPACEBOY COOKIE CUTTER SET,14,29.400000000000002
22965,3 TRADITIONAl BISCUIT CUTTERS  SET,38,79.80000000000001
22966,GINGERBREAD MAN COOKIE CUTTER,5,6.25
22967,SET 3 SONG BIRD PAPER EGGS ASSORTED,22,64.9
22968,ROSE COTTAGE KEEPSAKE BOX,20,188.85
22969,HOMEMADE JAM SCENTED CANDLES,140,185.79999999999998
22970,LONDON BUS COFFEE MUG,16,33.6
22971,QUEENS GUARD COFFEE MUG,16,37.65
22972,CHILDREN'S SPACEBOY MUG,34,56.099999999999994
22973,CHILDREN'S CIRCUS PARADE MUG,22,36.3
22974,CHILDRENS DOLLY GIRL MUG,20,33
22975,SPACEBOY CHILDRENS EGG CUP,1,1.25
22976,CIRCUS PARADE CHILDRENS EGG CUP,13,16.25
22977,DOLLY GIRL CHILDRENS EGG CUP,1,1.25
22978,PANTRY ROLLING PIN,75,272.61
22979,PANTRY WASHING UP BRUSH,91,117.55
22980,PANTRY SCRUBBING BRUSH,81,124.04999999999998
22981,PANTRY APPLE CORER,6,8.7
22982,PANTRY PASTRY BRUSH,24,30
22983,CARD BILLBOARD FONT,181,68.75999999999999
22986,WRAP GINGHAM ROSE,25,10.5
22988,SOLDIERS EGG CUP,112,132.78
22989,SET 2 PANTRY DESIGN TEA TOWELS,24,78
22990,COTTON APRON PANTRY DESIGN,126,553.7
22991,GIRAFFE WOODEN RULER,714,1185.9
22992,REVOLVER WOODEN RULER,716,1193.3999999999999
22993,SET OF 4 PANTRY JELLY MOULDS,68,85
22994,TRAVEL CARD WALLET RETROSPOT,30,12.6
22995,TRAVEL CARD WALLET SUKI,49,20.580000000000002
22996,TRAVEL CARD WALLET VINTAGE TICKET,26,10.92
22997,TRAVEL CARD WALLET UNION JACK,78,32.76
22998,TRAVEL CARD WALLET KEEP CALM,177,74.34
22999,TRAVEL CARD WALLET VINTAGE LEAF,3,1.26
23000,TRAVEL CARD WALLET TRANSPORT,39,16.38
23002,TRAVEL CARD WALLET SKULLS,128,53.76
23004,TRAVEL CARD WALLET PANTRY,184,77.28
23005,TRAVEL CARD WALLET I LOVE LONDON,1,0.42
23006,TRAVEL CARD WALLET FLOWER MEADOW,78,32.76
23007,SPACEBOY BABY GIFT SET,6,101.69999999999999
23008,DOLLY GIRL BABY GIFT SET,7,118.64999999999999
23010,CIRCUS PARADE BABY GIFT SET,3,50.849999999999994
23012,GLASS APOTHECARY BOTTLE PERFUME,8,31.6
23013,GLASS APOTHECARY BOTTLE TONIC,6,23.700000000000003
23014,GLASS APOTHECARY BOTTLE ELIXIR,9,35.550000000000004
23015,CORDIAL GLASS JUG,7,57.75
23016,GLASS TWIST BON BON JAR,3,19.950000000000003
23017,APOTHECARY MEASURING JAR,1,12.5
23020,GLASS  SONGBIRD STORAGE JAR,6,73.65
23022,SMALL BONNE JAM JAR  T-LIGHT HOLDER,30,62.400000000000006
23023,RIDGED BONNE JAM JAR T-LIGHT HOLDER,2,3.3
23024,LARGE BONNE JAM JAR  T-LIGHT HOLDER,2,4.98
23025,DRAWER KNOB VINTAGE GLASS BALL,6,12.48
23026,DRAWER KNOB VINTAGE GLASS STAR,14,29.12
23028,DRAWER KNOB CRACKLE GLAZE BLUE,7,11.55
23029,DRAWER KNOB CRACKLE GLAZE GREEN,28,46.199999999999996
23031,DRAWER KNOB CRACKLE GLAZE PINK,20,33
23032,DRAWER KNOB CRACKLE GLAZE IVORY,46,75.89999999999999
23034,DRAWER KNOB CERAMIC BLACK,6,8.7
23035,DRAWER KNOB CERAMIC IVORY,9,13.049999999999999
23039,T-LIGHT HOLDER SILVER HEART HANDLE,6,11.7
23041,PAPER LANTERN 9 POINT SNOW STAR,24,99.60000000000001
23042,PAPER LANTERN 7 POINT SNOW STAR,10,66.5
23045,PAPER LANTERN 5 POINT STAR MOON,20,83
23048,SET OF 10 LANTERNS FAIRY LIGHT STAR,33,136.95000000000002
23049,RECYCLED ACAPULCO MAT RED,3,24.75
23050,RECYCLED ACAPULCO MAT GREEN,1,8.25
23051,RECYCLED ACAPULCO MAT BLUE,2,16.5
23052,RECYCLED ACAPULCO MAT TURQUOISE,1,8.25
23053,RECYCLED ACAPULCO MAT PINK,1,8.25
23054,RECYCLED ACAPULCO MAT LAVENDER,1,8.25
23055,IVORY CHANDELIER T-LIGHT HOLDER,432,690.72
23056,FLOWERS CHANDELIER T-LIGHT HOLDER,579,1859.07
23057,BEADED CHANDELIER T-LIGHT HOLDER,433,636.15
23061,VINTAGE EMBOSSED HEART,3,3.75
23064,CINDERELLA CHANDELIER,71,1514.05
23065,LARGE DECO JEWELLERY STAND,1,12.5
23066,SMALL DECO JEWELLERY STAND,1,8.25
23071,MARIE ANTOINETTE TRINKET BOX GOLD,76,434
23072,MARIE ANTOINETTE TRINKET BOX SILVER,72,384
23073,GEORGIAN TRINKET BOX,1,12.5
23074,EMBOSSED HEART TRINKET BOX,6,12.48
23075,PARLOUR CERAMIC WALL HOOK,34,141.10000000000002
23076,ICE CREAM SUNDAE LIP GLOSS,28,35
23077,DOUGHNUT LIP GLOSS,60,75
23078,ICE CREAM PEN LIP GLOSS,48,60
23079,TOADSTOOL BEDSIDE LIGHT,14,125.29999999999998
23080,RED METAL BOX TOP SECRET,11,90.75
23081,GREEN METAL BOX ARMY SUPPLIES,6,49.5
23082,SET 6 PAPER TABLE LANTERN HEARTS,28,103.16
23083,SET 6 PAPER TABLE LANTERN STARS,63,214.17000000000002
23084,RABBIT NIGHT LIGHT,108,208.4
23085,ANTIQUE SILVER BAUBLE LAMP,13,128.75
23086,ZINC  STAR T-LIGHT HOLDER,16,20
23087,ZINC  HEART T-LIGHT HOLDER,15,18.75
23089,GLASS BON BON JAR,15,25.65
23090,VINTAGE GLASS T-LIGHT HOLDER,9,7.47
23091,ZINC HERB GARDEN CONTAINER,7,43.75
23092,LARGE ANTIQUE WHITE PHOTO FRAME,10,77.75
23093,SMALL PARISIENNE HEART PHOTO FRAME,3,7.470000000000001
23094,LE GRAND TRAY CHIC SET,2,25
23099,FRENCH CARRIAGE LANTERN,8,53.2
23100,SILVER BELLS TABLE DECORATION,1,1.25
23103,JINGLE BELL HEART DECORATION,28,46.199999999999996
23106,ZINC HEARTS PLANT POT HOLDER,12,34.68
23108,SET OF 10 LED DOLLY LIGHTS,64,317.59999999999997
23109,PACK OF SIX LED TEA LIGHTS,96,239.04000000000002
23110,PARISIENNE KEY CABINET,51,293.25
23111,PARISIENNE SEWING BOX,24,283.2
23112,PARISIENNE CURIO CABINET,33,239.85000000000002
23113,PANTRY CHOPPING BOARD,946,4803.0599999999995
23114,VINTAGE LEAF CHOPPING BOARD,3,14.850000000000001
23117,POPPY FIELDS CHOPPING BOARD,1,4.95
23118,PARISIENNE JEWELLERY DRAWER,24,180
23119,PACK OF 6 LARGE FRUIT STRAWS,36,22.32
23120,PACK OF 6 SMALL FRUIT STRAWS,72,30.240000000000002
23122,PARTY CHARMS 50 PIECES,3,2.4899999999999998
23123,COCKTAIL SWORDS 50 PIECES,6,4.9799999999999995
23126,FELTCRAFT GIRL AMELIE KIT,16,79.2
23127,FELTCRAFT GIRL NICOLE KIT,13,64.35000000000001
23128,FELTCRAFT BOY JEAN-PAUL KIT,7,34.650000000000006
23129,HEART SHAPED HOLLY WREATH,1,4.15
23130,MISTLETOE HEART WREATH GREEN,9,37.35
23131,MISTLETOE HEART WREATH CREAM,6,24.9
23132,SMALL IVORY HEART WALL ORGANISER,4,23
23133,LARGE IVORY HEART WALL ORGANISER,1,8.25
23138,SINGLE WIRE HOOK IVORY HEART,12,17.4
23139,SINGLE WIRE HOOK PINK HEART,12,17.4
23140,TRIPLE WIRE HOOK IVORY HEART,12,49.800000000000004
23142,IVORY WIRE KITCHEN ORGANISER,2,19.55
23144,ZINC T-LIGHT HOLDER STARS SMALL,44,36.519999999999996
23145,ZINC T-LIGHT HOLDER STAR LARGE,11,10.45
23146,TRIPLE HOOK ANTIQUE IVORY ROSE,50,164.1
23147,SINGLE ANTIQUE ROSE HOOK IVORY,15,21.75
23148,MINIATURE ANTIQUE ROSE HOOK IVORY,13,10.79
23149,ANTIQUE IVORY WIRE BOWL SMALL,11,27.39
23150,IVORY SWEETHEART SOAP DISH,1,2.49
23152,IVORY SWEETHEART WIRE LETTER RACK,7,26.25
23153,ZINC SWEETHEART WIRE LETTER RACK,4,15
23154,SET OF 4 JAM JAR MAGNETS,61,126.88000000000001
23155,KNICKERBOCKERGLORY MAGNET ASSORTED,169,129.71
23156,SET OF 5 MINI GROCERY MAGNETS,24,49.92
23157,SET OF 6 NATIVITY MAGNETS,240,444
23158,SET OF 5 LUCKY CAT MAGNETS,60,124.8
23159,SET OF 5 PANCAKE DAY MAGNETS,25,52
23160,REGENCY TEA SPOON,6,7.5
23161,REGENCY CAKE FORK,12,15
23163,REGENCY SUGAR TONGS,55,114.4
23164,REGENCY CAKE SLICE,1,4.95
23165,LARGE CERAMIC TOP STORAGE JAR,102,154.5
23166,MEDIUM CERAMIC TOP STORAGE JAR,74494,77479.64
23167,SMALL CERAMIC TOP STORAGE JAR,525,365.19
23168,CLASSIC CAFE SUGAR DISPENSER,54,65.61
23169,CLASSIC GLASS COOKIE JAR,93,379.15000000000003
23170,REGENCY TEA PLATE ROSES,718,1046.3
23171,REGENCY TEA PLATE GREEN,97,146.25
23172,REGENCY TEA PLATE PINK,102,154.29999999999998
23173,REGENCY TEAPOT ROSES,52,436.40000000000003
23174,REGENCY SUGAR BOWL GREEN,88,345.2
23175,REGENCY MILK JUG PINK,80,225.5
23176,ABC TREASURE BOOK BOX,45,101.25
23177,TREASURE ISLAND BOOK BOX,20,45
23178,JAM CLOCK MAGNET,5,14.45
23180,MUM'S KITCHEN CLOCK,1,4.95
23181,BULL DOG BOTTLE TOP WALL CLOCK,4,33
23182,TOILET SIGN OCCUPIED OR VACANT,14,11.62
23183,MOTHER'S KITCHEN SPOON REST,8,30
23184,BULL DOG BOTTLE OPENER,13,64.35000000000001
23185,FRENCH STYLE STORAGE JAR JAM,1,0.29
23186,FRENCH STYLE STORAGE JAR CAFE,12,9.24
23187,FRENCH STYLE STORAGE JAR BONBONS,37,16.49
23188,VINTAGE  2 METER FOLDING RULER,13,21.449999999999996
23188,VINTAGE  2 METRE FOLDING RULER,1,1.65
23189,SET OF 12 FORK CANDLES,1,2.89
23190,BUNDLE OF 3 SCHOOL EXERCISE BOOKS,2,3.3
23191,BUNDLE OF 3 RETRO NOTE BOOKS,3,4.949999999999999
23192,BUNDLE OF 3 ALPHABET EXERCISE BOOKS,3,4.949999999999999
23193,BUFFALO BILL TREASURE BOOK BOX,20,45
23194,GYMKHANA TREASURE BOOK BOX,37,83.25
23196,VINTAGE LEAF MAGNETIC NOTEPAD,13,18.849999999999998
23197,SKETCHBOOK MAGNETIC SHOPPING LIST,25,36.25
23198,PANTRY MAGNETIC  SHOPPING LIST,64,92.8
23199,JUMBO BAG APPLES,723,1309.25
23200,JUMBO BAG PEARS,134,243.63000000000002
23201,JUMBO BAG ALPHABET,594,1076.02
23202,JUMBO BAG VINTAGE LEAF,242,442.46000000000004
23203,JUMBO BAG DOILEY PATTERNS,22,45.760000000000005
23203,JUMBO BAG VINTAGE DOILY,568,1030.64
23204,CHARLOTTE BAG APPLES DESIGN,186,138.34
23205,CHARLOTTE BAG VINTAGE ALPHABET,191,140.25
23206,LUNCH BAG APPLE DESIGN,59,97.15
23207,LUNCH BAG ALPHABET DESIGN,448,659.6
23208,LUNCH BAG VINTAGE LEAF DESIGN,73,109.85
23209,LUNCH BAG DOILEY PATTERN,4,6.6
23209,LUNCH BAG VINTAGE DOILY,36,59.2
23210,WHITE ROCKING HORSE HAND PAINTED,200,219.76
23211,RED ROCKING HORSE HAND PAINTED,24,30
23212,HEART WREATH DECORATION WITH BELL,60,75
23213,STAR WREATH DECORATION WITH BELL,12,15
23215,JINGLE BELL HEART ANTIQUE SILVER,120,214.8
23220,REINDEER HEART DECORATION GOLD,12,9.959999999999999
23221,REINDEER HEART DECORATION SILVER,58,48.13999999999999
23222,CHRISTMAS TREE HANGING GOLD,24,19.919999999999998
23223,CHRISTMAS TREE HANGING SILVER,12,9.959999999999999
23224,CHERUB HEART DECORATION GOLD,14,11.62
23225,CHERUB HEART DECORATION SILVER,84,69.72
23226,FILIGREE HEART DAISY WHITE,48,60
23227,FILIGREE HEART BUTTERFLY WHITE,6,7.5
23228,FILIGREE HEART BIRD WHITE,144,149.76
23229,VINTAGE DONKEY TAIL GAME,11,40.89
23230,WRAP ALPHABET DESIGN,75,31.5
23232,WRAP VINTAGE LEAF DESIGN,26,10.92
23232,WRAP VINTAGE PETALS  DESIGN,25,10.5
23233,WRAP POPPIES  DESIGN,25,10.5
23234,BISCUIT TIN VINTAGE CHRISTMAS,16,46.24
23235,STORAGE TIN VINTAGE LEAF,14,40.46
23236,DOILEY STORAGE TIN,5,14.450000000000001
23236,STORAGE TIN VINTAGE DOILY,28,80.92
23237,SET OF 4 KNICK KNACK TINS LEAF,14,56.900000000000006
23237,SET OF 4 KNICK KNACK TINS LEAVES,3,12.450000000000001
23238,SET OF 4 KNICK KNACK TINS LONDON,16,65.60000000000001
23239,SET OF 4 KNICK KNACK TINS POPPIES,28,115.80000000000001
23240,SET OF 4 KNICK KNACK TINS DOILEY,23,95.05000000000001
23240,SET OF 4 KNICK KNACK TINS DOILY,27,111.65
23241,TREASURE TIN GYMKHANA DESIGN,7,14.56
23242,TREASURE TIN BUFFALO BILL,27,56.160000000000004
23243,SET OF TEA COFFEE SUGAR TINS PANTRY,117,545.5500000000001
23244,ROUND STORAGE TIN VINTAGE LEAF,9,16.95
23245,SET OF 3 REGENCY CAKE TINS,90,421.5
23247,BISCUIT TIN 50'S CHRISTMAS,46,118.54000000000002
23249,VINTAGE RED ENAMEL TRIM PLATE,55,87.71
23250,VINTAGE RED TRIM ENAMEL BOWL,121,141.8
23251,VINTAGE RED ENAMEL TRIM MUG,58,72.5
23252,VINTAGE RED ENAMEL TRIM JUG,33,123.75
23253,16 PIECE CUTLERY SET PANTRY DESIGN,2,31.9
23254,CHILDRENS CUTLERY DOLLY GIRL,20,83
23255,CHILDRENS CUTLERY CIRCUS PARADE,9,37.35
23256,CHILDRENS CUTLERY SPACEBOY,88,338
23263,SET OF 3 WOODEN HEART DECORATIONS,47,58.75
23264,SET OF 3 WOODEN SLEIGH DECORATIONS,1,1.25
23265,SET OF 3 WOODEN TREE DECORATIONS,15,18.75
23266,SET OF 3 WOODEN STOCKING DECORATION,12,15
23267,SET OF 4 SANTA PLACE SETTINGS,48,60
23268,SET OF 2 CERAMIC CHRISTMAS REINDEER,12,17.4
23270,SET OF 2 CERAMIC PAINTED HEARTS,6,8.7
23273,HEART T-LIGHT HOLDER WILLIE WINKIE,4,6.6
23274,STAR T-LIGHT HOLDER WILLIE WINKIE,3,4.949999999999999
23275,SET OF 3 HANGING OWLS OLLIE BEAK,77,95.41
23280,FOLDING BUTTERFLY MIRROR HOT PINK,2,1.66
23283,DOORMAT VINTAGE LEAF,7,57.45
23284,DOORMAT KEEP CALM AND COME IN,225,1601.25
23285,PINK VINTAGE SPOT BEAKER,2,1.7
23286,BLUE VINTAGE SPOT BEAKER,49,41.65
23287,RED VINTAGE SPOT BEAKER,51,43.349999999999994
23288,GREEN VINTAGE SPOT BEAKER,18,15.17
23289,DOLLY GIRL CHILDRENS BOWL,12,15
23290,SPACEBOY CHILDRENS BOWL,10,12.5
23291,DOLLY GIRL CHILDRENS CUP,10,12.5
23292,SPACEBOY CHILDRENS CUP,21,26.25
23293,SET OF 12 FAIRY CAKE BAKING CASES,32,26.56
23294,SET OF 6 SNACK LOAF BAKING CASES,13,10.79
23295,SET OF 12 MINI LOAF BAKING CASES,13,10.79
23296,SET OF 6 TEA TIME BAKING CASES,27,33.75
23297,SET 40 HEART SHAPE PETIT FOUR CASES,26,42.9
23298,SPOTTY BUNTING,110,482.81000000000006
23299,FOOD COVER WITH BEADS SET 2,8,30
23300,GARDENERS KNEELING PAD CUP OF TEA,152,231.6
23301,GARDENERS KNEELING PAD KEEP CALM,114,168.89999999999998
23302,KNEELING MAT HOUSEWORK  DESIGN,36,54.239999999999995
23306,SET OF 36 DOILIES PANTRY DESIGN,7,10.149999999999999
23307,SET OF 60 PANTRY DESIGN CAKE CASES,88,48.400000000000006
23309,SET OF 60 I LOVE LONDON CAKE CASES,64,35.2
23311,VINTAGE CHRISTMAS STOCKING,15,38.25
23312,VINTAGE CHRISTMAS GIFT SACK,1,4.15
23313,VINTAGE CHRISTMAS BUNTING,13,64.35
23314,VINTAGE CHRISTMAS TABLECLOTH,5,62.5
23315,IVORY REFECTORY CLOCK,12,97.80000000000001
23316,RED REFECTORY CLOCK,1,9.95
23318,BOX OF 6 MINI VINTAGE CRACKERS,168,368.71000000000004
23319,BOX OF 6 MINI 50'S CRACKERS,116,244.97
23320,GIANT 50'S CHRISTMAS CRACKER,13,37.57
23321,SMALL WHITE HEART OF WICKER,39,64.35
23322,LARGE WHITE HEART OF WICKER,63,169.85
23323,WHITE WICKER STAR,3,6.300000000000001
23324,RUSTIC STRAWBERRY JAM POT LARGE,35,67.51
23325,RUSTIC STRAWBERRY JAM POT SMALL,18,29.699999999999996
23327,HANGING CLEAR MINI BOTTLE,8,4.720000000000001
23328,SET 6 SCHOOL MILK BOTTLES IN CRATE,8,29.64
23329,DECORATIVE WICKER HEART LARGE,3,4.949999999999999
23330,DECORATIVE WICKER HEART MEDIUM,6,7.5
23332,IVORY WICKER HEART LARGE,2,3.3
23333,IVORY WICKER HEART MEDIUM,12,15
23335,EGG FRYING PAN IVORY,12,24.96
23338,EGG FRYING PAN RED,6,12.48
23342,MINT DINER WALL CLOCK,1,8.5
23343,JUMBO BAG VINTAGE CHRISTMAS,271,505.68
23344,JUMBO BAG 50'S CHRISTMAS,262,486.96000000000004
23345,DOLLY GIRL BEAKER,7,8.75
23346,SPACEBOY BEAKER,6,7.5
23347,I LOVE LONDON BEAKER,34,42.5
23348,CHILDRENS TOY COOKING UTENSIL SET,23,47.260000000000005
23349,ROLL WRAP VINTAGE CHRISTMAS,24,30
23350,ROLL WRAP VINTAGE SPOT,24,30
23351,ROLL WRAP 50'S CHRISTMAS,96,104.88
23352,ROLL WRAP 50'S RED CHRISTMAS,12,15
23353,6 GIFT TAGS VINTAGE CHRISTMAS,24,19.919999999999998
23354,6 GIFT TAGS 50'S CHRISTMAS,60,49.8
23355,HOT WATER BOTTLE KEEP CALM,96,417.6
23356,LOVE HOT WATER BOTTLE,9,53.55
23358,HOT STUFF HOT WATER BOTTLE,38,125.94
23367,SET 12 COLOUR PENCILS SPACEBOY,16,10.4
23368,SET 12 COLOUR PENCILS DOLLY GIRL,6,3.9000000000000004
23370,SET 36 COLOURING PENCILS DOILY,1,1.25
23372,SET 36 COLOUR PENCILS DOLLY GIRL,16,20
23374,RED SPOT PAPER GIFT BAG,16,13.12
23375,50'S CHRISTMAS PAPER GIFT BAG,1,0.82
23376,PACK OF 12 VINTAGE CHRISTMAS TISSUE,24,9.36
23377,PACK OF 12 DOLLY GIRL TISSUES,8,3.12
23380,PACK OF 12 VINTAGE DOILY TISSUES,36,14.04
23382,BOX OF 6 CHRISTMAS CAKE DECORATIONS,17,63.75
23389,SPACEBOY MINI BACKPACK,2,8.3
23390,DOLLY GIRL MINI BACKPACK,1,4.15
23392,SPACEBOY ROCKET LOLLY MAKERS,24,49.92
23393,HOME SWEET HOME CUSHION COVER,21,78.75
23395,BELLE JARDINIERE CUSHION COVER,7,26.25
23396,LE JARDIN BOTANIQUE CUSHION COVER,4,15
23397,FOOT STOOL HOME SWEET HOME,6,59.699999999999996
23398,HANGING HEART BONHEUR,1,0.85
23400,SHELF WITH 4 HOOKS HOME SWEET HOME,2,12.5
23401,RUSTIC MIRROR WITH LACE HEART,3,18.75
23403,LETTER HOLDER HOME SWEET HOME,3,11.25
23404,HOME SWEET HOME BLACKBOARD,29,143.55
23405,HOME SWEET HOME 2 DRAWER CABINET,1,4.95
23406,HOME SWEET HOME KEY HOLDER,3,18.75
23407,SET OF 2 TRAYS HOME SWEET HOME,6,59.699999999999996
23408,PHOTO FRAME LINEN AND LACE SMALL,14,29.12
23409,PHOTO FRAME LINEN AND LACE LARGE,7,26.25
23410,CURIO CABINET LINEN AND LACE,1,8.15
23411,TRELLIS COAT RACK,1,4.95
23412,HEART MIRROR ANTIQUE WHITE,2,15
23413,VINTAGE COFFEE GRINDER BOX,12,49.800000000000004
23414,ZINC BOX SIGN HOME,4,39.8
23415,HOME SWEET HOME HOOK,5,8.25
23419,HOME SWEET HOME BOTTLE,1,2.08
23423,PANTRY 3 HOOK ROLLING PIN HANGER,5,18.75
23424,GINGHAM RECIPE BOOK BOX,1,4.95
23425,STORAGE TIN HOME SWEET HOME,7,17.43
23426,METAL SIGN DROP YOUR PANTS,6,17.34
23427,STOOL HOME SWEET HOME,2,22.9
23428,IVORY RETRO KITCHEN WALL CLOCK,2,16.3
23431,NATURAL HANGING QUILTED HEARTS,16,13.28
23433,HANGING QUILTED PATCHWORK APPLES,47,39.01
23434,3 RAFFIA RIBBONS 50'S CHRISTMAS,10,7.9
23436,VINTAGE CHRISTMAS GIFT BAG LARGE,15,18.75
23437,50'S CHRISTMAS GIFT BAG LARGE,2,2.5
23444,Next Day Carriage,1,15
23445,ICE CREAM BUBBLES,20,16.599999999999998
23452,HEART MINI PORTRAIT FRAME,1,1.95
23454,THREE MINI HANGING FRAMES,2,8.3
23456,MEDIUM PARLOUR PICTURE FRAME,2,8.3
23458,DOLLY CABINET 3 DRAWERS,5,74.75
23459,DOLLY CABINET 2 DRAWERS,3,37.5
23460,SWEETHEART WALL TIDY,5,49.75
23461,SWEETHEART BIRD HOUSE,4,16.6
23462,ROCOCO WALL MIRROR WHITE,18,350.09999999999997
23466,TUSCAN VILLA DOVECOTE BIRD FEEDER,1,8.25
23469,CARD HOLDER LOVE BIRD SMALL,4,16.6
23470,CARD HOLDER LOVE BIRD LARGE,12,70.7
23480,MINI LIGHTS WOODLAND MUSHROOMS,20,68.1
23483,HANGING  BUTTERFLY T-LIGHT HOLDER,22,26.240000000000002
23485,BOTANICAL GARDENS WALL CLOCK,18,407.4
23486,ANTIQUE HEART SHELF UNIT,13,199.65
23487,SWEET HEART CAKE CARRIER,9,89.55
23490,T-LIGHT HOLDER HANGING LOVE BIRD,3,11.25
23491,VINTAGE JINGLE BELLS HEART,1,8.25
23493,VINTAGE DOILY TRAVEL SEWING KIT,6,11.4
23494,VINTAGE DOILY DELUXE SEWING KIT,65,386.75
23497,CLASSIC CHROME BICYCLE BELL,12,17.4
23503,PLAYING CARDS KEEP CALM & CARRY ON,2,2.5
23508,MINI PLAYING CARDS DOLLY GIRL,2,0.84
23511,EMBROIDERED RIBBON REEL EMILY,5,10.4
23513,EMBROIDERED RIBBON REEL SUSIE,6,12.48
23514,EMBROIDERED RIBBON REEL SALLY,6,12.48
23518,EMBROIDERED RIBBON REEL RACHEL,6,17.34
23523,WALL ART TREASURE AHOY,6,22.5
23524,WALL ART HORSE & PONY,6,22.5
23525,WALL ART BUFFALO BILL,6,22.5
23526,WALL ART DOG LICENCE,16,95.2
23527,WALL ART ANIMALS AND NATURE,7,26.25
23534,WALL ART STOP FOR TEA,7,41.650000000000006
23535,WALL ART BICYCLE SAFETY,1,5.95
23536,WALL ART VILLAGE SHOW,4,23.8
23541,WALL ART CLASSIC PUDDINGS,2,16.5
23542,WALL ART 70'S ALPHABET,6,48.7
23544,WALL ART MID CENTURY MODERN,1,8.25
23556,LANDMARK FRAME COVENT GARDEN,1,12.5
23565,EGG CUP MILKMAID HELGA,5,6.25
23566,EGG CUP MILKMAID HEIDI,4,5
23567,EGG CUP HENRIETTA HEN PINK,1,1.25
23568,EGG CUP HENRIETTA HEN CREAM,1,1.25
23569,TRADTIONAL ALPHABET STAMP SET,2,9.9
23574,PACKING CHARGE,2,15
23581,JUMBO BAG PAISLEY PARK,122,224.76
23582,VINTAGE DOILY JUMBO BAG RED,121,222.68
23583,LUNCH BAG PAISLEY PARK,10,16.5
23597,PAPER BUNTING PAISLEY PARK,6,17.700000000000003
23630,SET 10 CARDS HANGING BAUBLES 17080,1,2.99
23660,HENRIETTA HEN MUG,16,26.4
23661,MILK MAIDS MUG,20,32.99999999999999
23843,"PAPER CRAFT , LITTLE BIRDIE",80995,168469.6
35001W,HAND OPEN SHAPE DECO.WHITE,1,3.49
35004B,SET OF 3 BLACK FLYING DUCKS,30,136.8
35004C,SET OF 3 COLOURED  FLYING DUCKS,36,170.6
35004G,SET OF 3 GOLD FLYING DUCKS,2,3.9
35400,WOODEN BOX ADVENT CALENDAR,16,135.2
35471D,SET OF 3 BIRD LIGHT PINK FEATHER,2,2.5
35598D,PINK/WHITE CHRISTMAS TREE 60CM,1,0.65
35648,VINTAGE BEAD PINK PURSE,25,20.749999999999996
35651,VINTAGE BEAD PINK SCARF,12,19.799999999999997
35810B,ENAMEL BLUE RIM COFFEE CONTAINER,13,10.79
35832,WOOLLY HAT SOCK GLOVE ADVENT STRING,1,2.95
35921,EASTER BUNNY HANGING GARLAND,1,1.25
35923,CANDY HEART HANGING DECORATION,1,0.39
35924,HANGING FAIRY CAKE DECORATION,179,302.51
35953,FOLKART STAR CHRISTMAS DECORATIONS,24,30
35957,SMALLFOLKART BAUBLE CHRISTMAS DEC,96,18.240000000000002
35961,FOLKART ZINC HEART CHRISTMAS DEC,1,0.85
35965,FOLKART HEART NAPKIN RINGS,24,18.96
35970,ZINC FOLKART SLEIGH BELLS,73,121.17
35971,ROSE FOLKART HEART DECORATIONS,17,21.25
37327,ASSTD MULTICOLOUR CIRCLES MUG,4,1.56
37340,MULTICOLOUR SPRING FLOWER MUG,3,1.17
37342,POLKADOT COFFEE CUP & SAUCER PINK,56,45.68
37370,RETRO COFFEE MUGS ASSORTED,23,27.8
37446,MINI CAKE STAND WITH HANGING CAKES,69,88.85
37447,CERAMIC CAKE DESIGN SPOTTED PLATE,17,23.89
37448,CERAMIC CAKE DESIGN SPOTTED MUG,45,67.05
37449,CERAMIC CAKE STAND + HANGING CAKES,50,446.7
37450,CERAMIC CAKE BOWL + HANGING CAKES,36,96.2
37495,FAIRY CAKE BIRTHDAY CANDLE SET,49,183.75
37500,TEA TIME TEAPOT IN GIFT BOX,3,24.849999999999998
37501,TEA TIME TEA SET IN GIFT BOX,2,13.9
37503,TEA TIME CAKE STAND IN GIFT BOX,1,10.75
40001,WHITE BAMBOO RIBS LAMPSHADE,19,12.16
44234,ASSORTED CIRCULAR MOBILE,2,0.42
46000M,POLYESTER FILLER PAD 45x45cm,1,1.55
46000S,POLYESTER FILLER PAD 40x40cm,44,63.8
46138B,BLUE CHENILLE SHAGGY CUSHION COVER,13,11.05
47013C,WINE BOTTLE DRESSING DARK BLUE,12,1.44
47351B,BLUE  VOILE LAMPSHADE,48,122.39999999999999
47422,ASSORTED MONKEY SUCTION CUP HOOK,1,0.42
47469,ASSORTED SHAPES PHOTO CLIP SILVER,24,15.600000000000001
47503A,ASS FLORAL PRINT MULTI SCREWDRIVER,36,25.08
47504H,ENGLISH ROSE SPIRIT LEVEL,4,5
47504K,ENGLISH ROSE GARDEN SECATEURS,12,9.48
47559B,TEA TIME OVEN GLOVE,30,37.5
47563A,RETRO LONGBOARD IRONING BOARD COVER,4,5
47566,PARTY BUNTING,277,1201.3500000000001
47566B,TEA TIME PARTY BUNTING,1424,3692.9499999999994
47567B,TEA TIME KITCHEN APRON,8,46.300000000000004
47574A,ENGLISH ROSE SCENTED HANGING FLOWER,2,1.5
47580,TEA TIME DES TEA COSY,12,30.599999999999998
47590A,BLUE HAPPY BIRTHDAY BUNTING,24,114.8
47590B,PINK HAPPY BIRTHDAY BUNTING,26,124.10000000000001
47591D,PINK FAIRY CAKE CHILDRENS APRON,2,3.9
47594A,CAROUSEL DESIGN WASHBAG,9,17.55
47594B,SCOTTIES DESIGN WASHBAG,4,7.8
47599A,PINK PARTY BAGS,6,12.600000000000001
47599B,BLUE PARTY BAGS,52,109.2
48111,DOORMAT 3 SMILEY CATS,2,15.9
48116,DOORMAT MULTICOLOUR STRIPE,3,24.15
48129,DOORMAT TOPIARY,23,159.15
48138,DOORMAT UNION FLAG,12,97.5
48173C,DOORMAT BLACK FLOCK,5,40.95
48184,DOORMAT ENGLISH ROSE,6,47.7
48185,DOORMAT FAIRY CAKE,674,4554.9
48187,DOORMAT NEW ENGLAND,4,31.8
48188,DOORMAT WELCOME PUPPIES,5,40.05
48194,DOORMAT HEARTS,3,23.85
51008,AFGHAN SLIPPER SOCK PAIR,2,6.9
51014A,"FEATHER PEN,HOT PINK",72,61.199999999999996
51014C,"FEATHER PEN,COAL BLACK",110,42.9
51014L,"FEATHER PEN,LIGHT PINK",84,65.88
51020A,SUMMER FUN DESIGN SHOWER CAP,2,0.58
51020B,STRIPY DESIGN SHOWER CAP,1,0.29
62043B,BLUE CHECK BAG W HANDLE 34X20CM,1,0.83
70007,HI TEC ALPINE HAND WARMER,12,19.799999999999997
71038,WHITE HANGING BEADS CANDLE HOLDER,5,27.25
71053,WHITE METAL LANTERN,39,139.77
71279,PINK GLASS CANDLEHOLDER,5,14.75
71459,HANGING JAM JAR T-LIGHT HOLDER,126,103.33
71459,HANGING JAM JAR T-LIGHT HOLDERS,3,2.55
71477,COLOUR GLASS. STAR T-LIGHT HOLDER,1174,3246.16
71477,COLOURED GLASS STAR T-LIGHT HOLDER,54,197.46
72140E,BEST DAD CANDLE LETTERS,1,0.85
72351B,SET/6 PINK  BUTTERFLY T-LIGHTS,3,6.300000000000001
72586,SET OF 6 HALLOWEEN GHOST T-LIGHTS,36,15.12
72741,GRAND CHOCOLATECANDLE,25,36.25
72760B,VINTAGE CREAM 3 BASKET CAKE STAND,2,14.6
72799E,IVORY PILLAR CANDLE SILVER FLOCK,6,17.700000000000003
72802A,ROSE SCENT CANDLE IN JEWELLED BOX,4,16.12
72802B,OCEAN SCENT CANDLE IN JEWELLED BOX,454,662.24
72802C,VANILLA SCENT CANDLE JEWELLED BOX,505,579.81
72803A,ROSE SCENT CANDLE JEWELLED DRAWER,2,8.5
72807A,SET/3 ROSE CANDLE IN JEWELLED BOX,9,38.25
72807B,SET/3 OCEAN SCENT CANDLE JEWEL BOX,3,12.75
72807C,SET/3 VANILLA SCENTED CANDLE IN BOX,134,516.7
72815,3 WICK CHRISTMAS BRIAR CANDLE,4,15
72816,SET/3 CHRISTMAS DECOUPAGE CANDLES,24,30
72817,SET OF 2 CHRISTMAS DECOUPAGE CANDLE,24,30
72818,CHRISTMAS DECOUPAGE CANDLE,36,25.919999999999998
75049L,LARGE CIRCULAR MIRROR MOBILE,228,204.2
78033,FLAG OF ST GEORGE CHAIR,3,17.85
79000,MOROCCAN TEA GLASS,9,6.050000000000001
79030D,TUMBLER BAROQUE,1,0.39
79066K,RETRO MOD TRAY,12,10.2
79160,HEART SHAPE WIRELESS DOORBELL,8,16.8
79163,BLACK CHAMPAGNE GLASS,10,5.16
79164,BLACK WINE GLASS,3,4.949999999999999
79190A,RETRO PLASTIC 70'S TRAY,3,1.26
79190B,RETRO PLASTIC POLKA TRAY,16,6.72
79191B,RETRO PLASTIC POLKA TRAY,12,10.2
79191C,RETRO PLASTIC ELEPHANT TRAY,158,134.29999999999998
79191D,RETRO PLASTIC DAISY TRAY,12,10.2
79320,FLAMINGO LIGHTS,1,4.95
79321,CHILLI LIGHTS,80,349.7
79323B,BLACK CHERRY LIGHTS,8,54
79323P,PINK CHERRY LIGHTS,8,54
79323W,WHITE CHERRY LIGHTS,8,54
79337,BLUE FLOCK GLASS CANDLEHOLDER,6,2.2800000000000002
82001S,VINYL RECORD FRAME SILVER,7,25.53
82482,WOODEN PICTURE FRAME WHITE FINISH,233,581.55
82483,WOOD 2 DRAWER CABINET WHITE FINISH,203,1225.8500000000001
82484,WOOD BLACK BOARD ANT WHITE FINISH,24,170.95
82486,3 DRAWER ANTIQUE WHITE WOOD CABINET,41,336.15000000000003
82486,WOOD S/3 CABINET ANT WHITE FINISH,29,249.75
82494L,WOODEN FRAME ANTIQUE WHITE,353,910.9499999999999
82551,LAUNDRY 15C METAL SIGN,4,5.2
82578,KITCHEN METAL SIGN,12,6.6000000000000005
82580,BATHROOM METAL SIGN,290,127
82581,TOILET METAL SIGN,21,11.16
82582,AREA PATROLLED METAL SIGN,19,39.900000000000006
82583,HOT BATHS METAL SIGN,72,133.46
82600,NO SINGING METAL SIGN,38,73.30000000000001
82613B,"METAL SIGN,CUPCAKE SINGLE HOOK",20,8.4
82613C,"METAL SIGN,CUPCAKE SINGLE HOOK",20,8.4
82613D,METAL SIGN CUPCAKE SINGLE HOOK,20,8.4
82616B,FRAPPUCINO SCARF KNITTING KIT,9,11.25
82616C,MIDNIGHT GLAMOUR SCARF KNITTING KIT,3,3.75
84006,MAGIC TREE -PAPER FLOWERS,1,0.85
84012,MAGIC SHEEP WOOL GROWING FROM PAPER,120,102
84029E,RED WOOLLY HOTTIE WHITE HEART.,67,256.45
84029G,KNITTED UNION FLAG HOT WATER BOTTLE,14,58
84030E,ENGLISH ROSE HOT WATER BOTTLE,3,12.75
84031A,CHARLIE+LOLA RED HOT WATER BOTTLE,20,39
84031B,CHARLIE LOLA BLUE HOT WATER BOTTLE,21,40.949999999999996
84032A,CHARLIE+LOLA PINK HOT WATER BOTTLE,28,82.60000000000001
84032B,CHARLIE + LOLA RED HOT WATER BOTTLE,66,133.5
84050,PINK HEART SHAPE EGG FRYING PAN,14,22.699999999999996
84077,WORLD WAR 2 GLIDERS ASSTD DESIGNS,1200,253.92
84078A,SET/4 WHITE RETRO STORAGE CUBES,35,1248.25
84086B,YELLOW/BLUE RETRO RADIO,1,2.95
84228,HEN HOUSE W CHICK STANDING,1,0.42
84247E,PACK OF 12 CHRISTMAS FUN CARDS,23,67.85000000000001
84247K,"FOLK ART GREETING CARD,pack/12",11,32.45
84251B,"GREETING CARD, STICKY GORDON",12,2.2800000000000002
84279B,CHERRY BLOSSOM DECORATIVE FLASK,7,26.25
84279P,CHERRY BLOSSOM  DECORATIVE FLASK,16,60
84347,ROTATING SILVER ANGELS T-LIGHT HLDR,9376,321.6
84352,SILVER CHRISTMAS TREE BAUBLE STAND,4,67.8
84375,SET OF 20 KIDS COOKIE CUTTERS,13,27.300000000000004
84378,SET OF 3 HEART COOKIE CUTTERS,72,90
84380,SET OF 3 BUTTERFLY COOKIE CUTTERS,75,98.75
84406B,CREAM CUPID HEARTS COAT HANGER,42,162.5
84422,PINK/BLUE DISC/MIRROR STRING,48,18.72
84452,METAL RABBIT LADDER EASTER,4,3.4
84459A,PINK METAL CHICKEN HEART,60,89.39999999999999
84461,12 PINK HEN+CHICKS IN BASKET,6,15.299999999999999
84507C,BLUE CIRCLES DESIGN MONKEY DOLL,7,17.849999999999998
84508A,CAMOUFLAGE DESIGN TEDDY,1,2.55
84508B,STRIPES DESIGN TEDDY,6,15.299999999999999
84509A,SET OF 4 ENGLISH ROSE PLACEMATS,9,33.75
84510A,SET OF 4 ENGLISH ROSE COASTERS,1,1.25
84535B,FAIRY CAKES NOTEBOOK A6 SIZE,95,61.75
84536A,ENGLISH ROSE NOTEBOOK A7 SIZE,32,13.44
84536B,FAIRY CAKES NOTEBOOK A7 SIZE,48,20.16
84559B,3D SHEET OF CAT STICKERS,4,3.4
84575A,PINK DOG CANNISTER,1,5.95
84595E,LARGE TORTILLA DESIGN RED BOWL,1,3.29
84596B,SMALL DOLLY MIX DESIGN ORANGE BOWL,16,6.72
84596F,SMALL MARSHMALLOWS PINK BOWL,16,6.72
84598,BOYS ALPHABET IRON ON PATCHES,288,60.48
84600,NEW BAROQUE JEWELLERY BOX,1,7.95
84609,TALL ROCOCO CANDLE HOLDER,2,17
84616,SILVER ROCCOCO CHANDELIER,3,89.85
84625A,PINK NEW BAROQUECANDLESTICK CANDLE,20,23.3
84625C,BLUE NEW BAROQUE CANDLESTICK CANDLE,49,41.65
84629,WHITE 3 FRAME BIRDS AND TREE,1,4.95
84631,FRUIT TREE AND BIRDS WALL PLAQUE,3,23.85
84632,DECORATIVE HANGING SHELVING UNIT,1,59.95
84659A,WHITE TRAVEL ALARM CLOCK,1,2.55
84660A,WHITE STITCHED WALL CLOCK,2,4.54
84663A,GRASS HOPPER WOODEN WALL CLOCK,5,9.11
84665,SQUARE CHERRY BLOSSOM CABINET,20,119
84674,FLYING PIG WATERING CAN,4,11.8
84678,CLASSICAL ROSE SMALL VASE,3,5.05
84685,BEACH HUT KEY CABINET,1,3.75
84687,BEACH HUT SHELF W 3 DRAWERS,4,23.8
84688,BEACH HUT DESIGN BLACKBOARD,13,55.25
84692,BOX OF 24 COCKTAIL PARASOLS,31,13.02
84750A,PINK SMALL GLASS CAKE STAND,27,52.65
84750B,BLACK SMALL GLASS CAKE STAND,1,0.39
84751B,BLACK MEDIUM GLASS CAKE STAND,1,0.79
84754,S/15 SILVER GLASS BAUBLES IN BAG,144,152.64000000000001
84755,COLOUR GLASS T-LIGHT HOLDER HANGING,69,44.85
84766,SILVER ROCOCO CANDLE STICK,15,37.25
84792,ENCHANTED BIRD COATHANGER 5 HOOK,29,114.69
84798A,PINK FOXGLOVE ARTIIFCIAL FLOWER,12,30.599999999999998
84798B,PURPLE FOXGLOVE ARTIIFCIAL FLOWER,4,10.2
84799,SPRIG LAVENDER ARTIFICIAL FLOWER,60,35.16
84800L,LARGE WHITE/PINK ROSE ART FLOWER,24,40.56
84800M,MEDIUM WHITE/PINK ROSE ART FLOWER,3,5.07
84800S,SMALL WHITE/PINK ROSE ART FLOWER,2,2.5
84803B,WHITE ALLIUM  ARTIFICIAL FLOWER,3,5.07
84809A,WHITE CHRYSANTHEMUMS ART FLOWER,2,4.2
84813,SET OF 4 DIAMOND NAPKIN RINGS,1,3.95
84816,DANISH ROSE BEDSIDE CABINET,6,239.70000000000002
84817,DANISH ROSE DECORATIVE PLATE,37,77.7
84818,DANISH ROSE PHOTO FRAME,95,101.45
84819,DANISH ROSE ROUND SEWING BOX,4,17
84820,DANISH ROSE TRINKET TRAYS,4,23.8
84821,DANISH ROSE DELUXE COASTER,12,10.2
84826,ASSTD DESIGN 3D PAPER STICKERS,60,51
84828,JUNGLE POPSICLES ICE LOLLY MOULDS,24,30
84832,ZINC WILLIE WINKIE  CANDLE STICK,12,10.2
84836,ZINC METAL HEART DECORATION,35,43.75
84839,SWEETHEART KEY CABINET,1,5.55
84840,SWEETHEART CARRY-ALL BASKET,2,17
84843,WHITE SOAP RACK WITH 2 BOTTLES,1,5.95
84849A,HELLO SAILOR BLUE SOAP HOLDER,16,27.04
84849B,FAIRY SOAP SOAP HOLDER,1,1.69
84849D,HOT BATHS SOAP HOLDER,22,37.18
84856S,SMALL TAHITI BEACH BAG,1,3.81
84857B,BLUE MONTE CARLO HANDBAG,2,3.9
84857C,PINK MONTE CARLO HANDBAG,1,1.95
84870B,BLUE GEISHA GIRL,1,3.75
84879,ASSORTED COLOUR BIRD ORNAMENT,80,135.2
84880,WHITE WIRE EGG HOLDER,9,55.1
84881,BLUE WIRE SPIRAL CANDLE HOLDER,1,6.35
84884A,ANT WHITE WIRE HEART SPIRAL,1,3.95
84906,PINK BUTTERFLY CUSHION COVER,1,1.95
84926F,PSYCHEDELIC TILE COASTER,24,6.959999999999999
84927A,WAKE UP COCKEREL TILE HOOK,1,0.39
84927D,LA PALMIERA TILE HOOK,2,4.2
84927E,FLOWERS TILE HOOK,2,4.2
84927F,PSYCHEDELIC TILE HOOK,5,1.9500000000000002
84929,ASSTD FRUIT+FLOWERS FRIDGE MAGNETS,163,89.29
84931B,BLUE SCOTTIE DOG W FLOWER PATTERN,3,7.6499999999999995
84944,SET OF 6 KASHMIR FOLKART BAUBLES,58,95.69999999999999
84945,MULTI COLOUR SILVER T-LIGHT HOLDER,103,97.46
84946,ANTIQUE SILVER T-LIGHT GLASS,316,349.21000000000004
84946,ANTIQUE SILVER TEA GLASS ETCHED,19,23.75
84947,ANTIQUE SILVER TEA GLASS ENGRAVED,32,38.29
84949,SILVER HANGING T-LIGHT HOLDER,263,412.34999999999997
84950,ASSORTED COLOUR T-LIGHT HOLDER,10,6.1000000000000005
84951A,SET OF 4 PISTACHIO LOVEBIRD COASTER,24,18.96
84952B,BLACK LOVE BIRD T-LIGHT HOLDER,3,11.25
84968A,SET OF 16 VINTAGE ROSE CUTLERY,10,127.5
84968C,SET OF 16 VINTAGE PISTACHIO CUTLERY,4,51
84968D,SET OF 16 VINTAGE RED CUTLERY,1,12.75
84969,BOX OF 6 ASSORTED COLOUR TEASPOONS,2,8.5
84970L,SINGLE HEART ZINC T-LIGHT HOLDER,12,11.399999999999999
84970S,HANGING HEART ZINC T-LIGHT HOLDER,25,20.2
84971S,SMALL HEART FLOWERS HOOK,1,0.85
84976,RECTANGULAR SHAPED MIRROR,14,11.06
84978,HANGING HEART JAR T-LIGHT HOLDER,175,206.59
84985A,SET OF 72 GREEN PAPER DOILIES,5,7.25
84987,SET OF 36 TEATIME PAPER DOILIES,15,21.75
84988,SET OF 72 PINK HEART PAPER DOILIES,13,18.849999999999998
84991,60 TEATIME FAIRY CAKE CASES,174,95.7
84992,72 SWEETHEART FAIRY CAKE CASES,130,62.14
84997A,CHILDRENS CUTLERY POLKADOT GREEN,13,49.95
84997B,CHILDRENS CUTLERY RETROSPOT RED,6,22.5
84997B,RED 3 PIECE RETROSPOT CUTLERY SET,28,105
84997C,CHILDRENS CUTLERY POLKADOT BLUE,6,22.9
84997D,CHILDRENS CUTLERY POLKADOT PINK,4,15
84997D,PINK 3 PIECE POLKADOT CUTLERY SET,25,93.75
85014A,BLACK/BLUE POLKADOT UMBRELLA,6,35.7
85014B,RED RETROSPOT UMBRELLA,2,11.9
85017B,ENVELOPE 50 BLOSSOM IMAGES,12,10.2
85019C,CURIOUS  IMAGES NOTEBOOK SET,12,51
85023B,EAU DE NILE JEWELLED PHOTOFRAME,73,153.75000000000003
85023C,PINK LARGE JEWELED PHOTOFRAME,1,2.55
85024C,PINK SMALL JEWELLED PHOTOFRAME,1,1.65
85025B,EAU DE NILE HEART SHAPE PHOTO FRAME,1,1.65
85025C,PINK HEART SHAPE PHOTO FRAME,1,1.65
85027L,FRENCH CHATEAU LARGE PLATTER,5,9.75
85032C,CURIOUS IMAGES GIFT WRAP SET,12,7.800000000000001
85032D,YULETIDE IMAGES GIFT WRAP SET,12,7.800000000000001
85034A,3 GARDENIA MORRIS BOXED CANDLES,7,20.75
85034C,3 ROSE MORRIS BOXED CANDLES,20,73
85035A,GARDENIA 3 WICK MORRIS BOXED CANDLE,6,25.5
85036A,GARDENIA 1 WICK MORRIS BOXED CANDLE,1,1.25
85036B,CHOCOLATE 1 WICK MORRIS BOX CANDLE,6,25.5
85036C,ROSE 1 WICK MORRIS BOXED CANDLE,193,232.25
85039A,SET/4 RED MINI ROSE CANDLE IN BOWL,1,1.65
85039C,S/4 BLACK MINI ROSE CANDLE IN BOWL,1,1.65
85040A,S/4 PINK FLOWER CANDLES IN BOWL,17,28.049999999999997
85040B,SET/4 BLUE FLOWER CANDLES IN BOWL,4,6.6
85042,ANTIQUE LILY FAIRY LIGHTS,3,14.850000000000001
85045,GREEN CHRISTMAS TREE STRING 20LIGHT,4,19.8
85047,WHITE BEADED GARLAND STRING 20LIGHT,3,18.25
85048,15CM CHRISTMAS GLASS BALL 20 LIGHTS,41,307.95
85049A,TRADITIONAL CHRISTMAS RIBBONS,12,15
85049E,SCANDINAVIAN REDS RIBBONS,15,18.75
85049G,CHOCOLATE BOX RIBBONS,14,17.5
85053,FRENCH ENAMEL CANDLEHOLDER,28,57.160000000000004
85054,FRENCH ENAMEL POT W LID,4,8.4
85059,FRENCH ENAMEL WATER BASIN,8,22.5
85061W,WHITE JEWELLED HEART DECORATION,7,5.95
85062,PEARL CRYSTAL PUMPKIN T-LIGHT HLDR,4,6.6
85063,CREAM SWEETHEART MAGAZINE RACK,3,46.849999999999994
85064,CREAM SWEETHEART LETTER RACK,2,9.3
85065,CREAM SWEETHEART TRAYS,1,12.75
85066,CREAM SWEETHEART MINI CHEST,41,448.05
85068,CREAM SWEETHEART SHELF + HOOKS,1,7.95
85071A,BLUE CHARLIE+LOLA PERSONAL DOORSIGN,152,448.4
85071B,RED CHARLIE+LOLA PERSONAL DOORSIGN,2,5.9
85087,CANDY SPOT CUSHION COVER,1,2.95
85088,CANDY SPOT HAND BAG,2,4.2
85098B,BLUE FLYING SINGING CANARY,1,3.75
85099B,JUMBO BAG RED RETROSPOT,1115,1984.02
85099C,JUMBO  BAG BAROQUE BLACK WHITE,281,510.88
85099F,JUMBO BAG STRAWBERRY,250,448.49
85103,SILVER T-LIGHT SETTING,37,220.15
85104,SILVER GLASS T-LIGHT SET,3,8.850000000000001
85114B,IVORY ENCHANTED FOREST PLACEMAT,2,3.3
85116,BLACK CANDELABRA T-LIGHT HOLDER,30,63.00000000000001
85118,HEART T-LIGHT HOLDER,13,16.25
85123A,WHITE HANGING HEART T-LIGHT HOLDER,2578,6624.3
85124B,BLUE JUICY FRUIT PHOTO FRAME,6,15.299999999999999
85126,LARGE ROUND CUTGLASS CANDLESTICK,1,6.75
85127,SMALL SQUARE CUT GLASS CANDLESTICK,5,24.75
85131A,BEADED PEARL HEART WHITE ON STICK,13,11.27
85132A,CHARLIE + LOLA BISCUITS TINS,2,3.9
85132C,CHARLIE AND LOLA FIGURES TINS,5,9.75
85135B,BLUE DRAGONFLY HELICOPTER,1,7.95
85135C,RED DRAGONFLY HELICOPTER,1,7.95
85141,JARDIN ETCHED GLASS FRUITBOWL,9,40.55
85150,LADIES & GENTLEMEN METAL SIGN,5,12.299999999999999
85152,HAND OVER THE CHOCOLATE   SIGN,74,135.22
85159A,"BLACK TEA,COFFEE,SUGAR JARS",40,82.39999999999999
85159B,"WHITE TEA,COFFEE,SUGAR JARS",38,86.54
85160B,BLACK BIRD GARDEN DESIGN MUG,2,0.78
85163B,BLACK BAROQUE WALL CLOCK,1,12.75
85169A,IVORY LOVE BIRD CANDLE,12,15
85169C,EAU DE NIL LOVE BIRD CANDLE,12,15
85169D,PINK LOVE BIRD CANDLE,1,1.25
85170B,SET/6 BLACK BIRD T-LIGHT CANDLES,1,2.1
85170D,SET/6 PINK BIRD T-LIGHT CANDLES,5,8
85172,HYACINTH BULB T-LIGHT CANDLES,81,34.02
85173,SET/6 FROG PRINCE T-LIGHT CANDLES,5,12.75
85174,S/4 CACTI CANDLES,3,14.15
85175,CACTI T-LIGHT CANDLES,98,41.160000000000004
85176,SEWING SUSAN 21 NEEDLE SET,1,0.85
85177,BASKET OF FLOWERS SEWING KIT,1,0.85
85178,VICTORIAN SEWING KIT,289,322.85
85180A,RED HEARTS LIGHT CHAIN,6,27.900000000000002
85183A,CHARLIE & LOLA WASTEPAPER BIN BLUE,2,2.5
85185B,PINK HORSE SOCK PUPPET KIT,1,2.95
85186C,BUNNY EGG GARLAND,20,8.4
85188A,GREEN METAL SWINGING BUNNY,3,2.55
85194L,HANGING SPRING FLOWER EGG LARGE,28,23.799999999999997
85194S,HANGING SPRING FLOWER EGG SMALL,29,18.39
85199L,LARGE HANGING IVORY & RED WOOD BIRD,13,8.450000000000001
85199S,SMALL HANGING IVORY/RED WOOD BIRD,24,10.08
85204,HANGING WOOD AND FELT FLOWER,1,0.12
85211,S/4 GROOVY CAT MAGNETS,2,1.58
85213,MINI  ZINC GARDEN DECORATIONS,1,0.85
85230G,ORANGE VOTIVE CANDLE,48,13.919999999999998
85231B,CINAMMON SET OF 9 T-LIGHTS,11,9.35
85231G,ORANGE SCENTED SET/9 T-LIGHTS,10,8.5
85232A,SET/3 POLKADOT STACKING TINS,3,14.850000000000001
85232B,SET OF 3 BABUSHKA STACKING TINS,255,1258.05
85232D,SET/3 DECOUPAGE STACKING TINS,3,14.850000000000001
90003B,ROSE COLOUR PAIR HEART HAIR SLIDES,4,15
90003C,MIDNIGHT BLUE PAIR HEART HAIR SLIDE,4,15
90003D,CRYSTAL PAIR HEART HAIR SLIDES,4,15
90003E,GREEN PAIR HEART HAIR SLIDES,4,15
90013A,MIDNIGHT BLUE VINTAGE EARRINGS,8,30
90018A,SILVER M.O.P ORBIT DROP EARRINGS,1,4.25
90018C,SILVER BLACK ORBIT DROP EARRINGS,1,4.25
90022,EDWARDIAN DROP EARRINGS JET BLACK,4,15
90024B,NEW BAROQUE B'FLY NECKLACE RED,2,17
90050,CRACKED GLAZE NECKLACE IVORY,2,13.9
90058A,CRYSTAL STUD EARRINGS CLEAR DISPLAY,36,13.68
90058B,CRYSTAL STUD EARRINGS ASSORTED COL,36,13.68
90059A,DIAMANTE HAIR GRIP PACK/2 CRYSTAL,6,9.899999999999999
90059B,DIAMANTE HAIR GRIP PACK/2 BLACK DIA,6,9.899999999999999
90059C,DIAMANTE HAIR GRIP PACK/2 MONTANA,6,9.899999999999999
90059D,DIAMANTE HAIR GRIP PACK/2 PERIDOT,6,9.899999999999999
90059E,DIAMANTE HAIR GRIP PACK/2 RUBY,6,9.899999999999999
90059F,DIAMANTE HAIR GRIP PACK/2 LT ROSE,6,9.899999999999999
90062,CARNIVAL BRACELET,1,12.75
90064B,BLACK VINTAGE  CRYSTAL EARRINGS,1,3.75
90070,RUBY GLASS CLUSTER BRACELET,3,17.85
90076,MONTANA DIAMOND CLUSTER EARRINGS,1,2.55
90098,NECKLACE+BRACELET PINK BUTTERFLY,6,15.299999999999999
90101,WHITE FRANGIPANI NECKLACE,6,15.299999999999999
90108,BLUE BLOSSOM HAIR CLIP,10,10.5
90118,PINK DAISY BAG CHARM,6,15.299999999999999
90143,SILVER BRACELET W PASTEL FLOWER,1,7.5
90147,CHUNKY SILVER NECKLACE PASTEL FLOWE,2,19.9
90148,LONG SILVER NECKLACE PASTEL FLOWER,1,12.75
90160A,PURPLE BOUDICCA LARGE BRACELET,7,48.65
90162B,ANT SILVER LIME GREEN BOUDICCA RING,1,2.95
90168,2 DAISIES HAIR COMB,6,17.700000000000003
90169,DAISY HAIR COMB,6,15.299999999999999
90170,DAISY HAIR BAND,12,19.799999999999997
90174,BUTTERFLY HAIR BAND,12,30.599999999999998
90176A,CLASSIC DIAMANTE NECKLACE JET,1,7.5
90176D,DIAMANTE NECKLACE PURPLE,1,7.5
90177A,CLASSIC DIAMANTE EARRINGS JET,6,17.700000000000003
90177C,DROP DIAMANTE EARRINGS CRYSTAL,6,17.700000000000003
90177D,DROP DIAMANTE EARRINGS PURPLE,6,17.700000000000003
90177E,DROP DIAMANTE EARRINGS GREEN,6,17.700000000000003
90182C,BLACK 3 BEAD DROP EARRINGS,6,17.700000000000003
90183A,AMBER DROP EARRINGS W LONG BEADS,6,17.700000000000003
90185A,AMBER DIAMANTE EXPANDABLE RING,6,25.5
90185B,AMETHYST DIAMANTE EXPANDABLE RING,9,38.25
90185C,BLACK DIAMANTE EXPANDABLE RING,16,68
90192,JADE DROP EARRINGS W FILIGREE,2,9.9
90199C,5 STRAND GLASS NECKLACE CRYSTAL,1,6.35
90200B,BLACK SWEETHEART BRACELET,1,4.25
90201A,PURPLE ENAMEL FLOWER RING,4,11.8
90201B,BLACK ENAMEL FLOWER RING,7,20.650000000000002
90201C,RED ENAMEL FLOWER RING,6,17.700000000000003
90202A,PURPLE ENAMEL FLOWER HAIR TIE,6,17.700000000000003
90202B,WHITE ENAMEL FLOWER HAIR TIE,6,17.700000000000003
90202C,GREEN ENAMEL FLOWER HAIR TIE,6,17.700000000000003
90202D,PINK ENAMEL FLOWER HAIR TIE,6,17.700000000000003
90204,PAIR OF ENAMEL BUTTERFLY HAIRCLIP,4,13.4
90208,PAIR OF PINK FLOWER CLUSTER SLIDE,6,15.299999999999999
90209A,PURPLE ENAMEL+GLASS HAIR COMB,6,12.600000000000001
90209C,PINK ENAMEL+GLASS HAIR COMB,3,6.300000000000001
90211B,JET BLACK LAS VEGAS NECKLACE 45CM,2,11.9
AMAZONFEE,AMAZON FEE,32,235281.59
BANK CHARGES,Bank Charges,25,7340.64
C2,CARRIAGE,2,65
CRUK,CRUK Commission,16,7933.43
D,Discount,1194,5696.22
DOT,DOTCOM POSTAGE,1,3.29
M,Manual,4066,146784.46
POST,POSTAGE,147,11871.24
S,SAMPLES,60,3102.7
